company_id,metric_type,period_years,value_pct
COMP_01,compounded_sales_growth,10,18.5
COMP_01,compounded_sales_growth,5,15.0
COMP_01,compounded_sales_growth,3,12.2
COMP_01,compounded_profit_growth,10,22.0
COMP_01,compounded_profit_growth,5,18.4
COMP_01,compounded_profit_growth,3,14.1
COMP_01,stock_price_cagr,10,15.0
COMP_01,stock_price_cagr,5,12.0
COMP_01,roe,10,20.0
COMP_01,roe,5,22.5
COMP_01,roe,3,21.0
COMP_02,compounded_sales_growth,10,18.5
COMP_02,compounded_sales_growth,5,15.0
COMP_02,compounded_sales_growth,3,12.2
COMP_02,compounded_profit_growth,10,22.0
COMP_02,compounded_profit_growth,5,18.4
COMP_02,compounded_profit_growth,3,14.1
COMP_02,stock_price_cagr,10,15.0
COMP_02,stock_price_cagr,5,12.0
COMP_02,roe,10,20.0
COMP_02,roe,5,22.5
COMP_02,roe,3,21.0
COMP_03,compounded_sales_growth,10,18.5
COMP_03,compounded_sales_growth,5,15.0
COMP_03,compounded_sales_growth,3,12.2
COMP_03,compounded_profit_growth,10,22.0
COMP_03,compounded_profit_growth,5,18.4
COMP_03,compounded_profit_growth,3,14.1
COMP_03,stock_price_cagr,10,15.0
COMP_03,stock_price_cagr,5,12.0
COMP_03,roe,10,20.0
COMP_03,roe,5,22.5
COMP_03,roe,3,21.0
COMP_04,compounded_sales_growth,10,18.5
COMP_04,compounded_sales_growth,5,15.0
COMP_04,compounded_sales_growth,3,12.2
COMP_04,compounded_profit_growth,10,22.0
COMP_04,compounded_profit_growth,5,18.4
COMP_04,compounded_profit_growth,3,14.1
COMP_04,stock_price_cagr,10,15.0
COMP_04,stock_price_cagr,5,12.0
COMP_04,roe,10,20.0
COMP_04,roe,5,22.5
COMP_04,roe,3,21.0
COMP_05,compounded_sales_growth,10,18.5
COMP_05,compounded_sales_growth,5,15.0
COMP_05,compounded_sales_growth,3,12.2
COMP_05,compounded_profit_growth,10,22.0
COMP_05,compounded_profit_growth,5,18.4
COMP_05,compounded_profit_growth,3,14.1
COMP_05,stock_price_cagr,10,15.0
COMP_05,stock_price_cagr,5,12.0
COMP_05,roe,10,20.0
COMP_05,roe,5,22.5
COMP_05,roe,3,21.0
COMP_06,compounded_sales_growth,10,18.5
COMP_06,compounded_sales_growth,5,15.0
COMP_06,compounded_sales_growth,3,12.2
COMP_06,compounded_profit_growth,10,22.0
COMP_06,compounded_profit_growth,5,18.4
COMP_06,compounded_profit_growth,3,14.1
COMP_06,stock_price_cagr,10,15.0
COMP_06,stock_price_cagr,5,12.0
COMP_06,roe,10,20.0
COMP_06,roe,5,22.5
COMP_06,roe,3,21.0
COMP_07,compounded_sales_growth,10,18.5
COMP_07,compounded_sales_growth,5,15.0
COMP_07,compounded_sales_growth,3,12.2
COMP_07,compounded_profit_growth,10,22.0
COMP_07,compounded_profit_growth,5,18.4
COMP_07,compounded_profit_growth,3,14.1
COMP_07,stock_price_cagr,10,15.0
COMP_07,stock_price_cagr,5,12.0
COMP_07,roe,10,20.0
COMP_07,roe,5,22.5
COMP_07,roe,3,21.0
COMP_08,compounded_sales_growth,10,18.5
COMP_08,compounded_sales_growth,5,15.0
COMP_08,compounded_sales_growth,3,12.2
COMP_08,compounded_profit_growth,10,22.0
COMP_08,compounded_profit_growth,5,18.4
COMP_08,compounded_profit_growth,3,14.1
COMP_08,stock_price_cagr,10,15.0
COMP_08,stock_price_cagr,5,12.0
COMP_08,roe,10,20.0
COMP_08,roe,5,22.5
COMP_08,roe,3,21.0
COMP_09,compounded_sales_growth,10,18.5
COMP_09,compounded_sales_growth,5,15.0
COMP_09,compounded_sales_growth,3,12.2
COMP_09,compounded_profit_growth,10,22.0
COMP_09,compounded_profit_growth,5,18.4
COMP_09,compounded_profit_growth,3,14.1
COMP_09,stock_price_cagr,10,15.0
COMP_09,stock_price_cagr,5,12.0
COMP_09,roe,10,20.0
COMP_09,roe,5,22.5
COMP_09,roe,3,21.0
COMP_10,compounded_sales_growth,10,18.5
COMP_10,compounded_sales_growth,5,15.0
COMP_10,compounded_sales_growth,3,12.2
COMP_10,compounded_profit_growth,10,22.0
COMP_10,compounded_profit_growth,5,18.4
COMP_10,compounded_profit_growth,3,14.1
COMP_10,stock_price_cagr,10,15.0
COMP_10,stock_price_cagr,5,12.0
COMP_10,roe,10,20.0
COMP_10,roe,5,22.5
COMP_10,roe,3,21.0
COMP_11,compounded_sales_growth,10,18.5
COMP_11,compounded_sales_growth,5,15.0
COMP_11,compounded_sales_growth,3,12.2
COMP_11,compounded_profit_growth,10,22.0
COMP_11,compounded_profit_growth,5,18.4
COMP_11,compounded_profit_growth,3,14.1
COMP_11,stock_price_cagr,10,15.0
COMP_11,stock_price_cagr,5,12.0
COMP_11,roe,10,20.0
COMP_11,roe,5,22.5
COMP_11,roe,3,21.0
COMP_12,compounded_sales_growth,10,18.5
COMP_12,compounded_sales_growth,5,15.0
COMP_12,compounded_sales_growth,3,12.2
COMP_12,compounded_profit_growth,10,22.0
COMP_12,compounded_profit_growth,5,18.4
COMP_12,compounded_profit_growth,3,14.1
COMP_12,stock_price_cagr,10,15.0
COMP_12,stock_price_cagr,5,12.0
COMP_12,roe,10,20.0
COMP_12,roe,5,22.5
COMP_12,roe,3,21.0
COMP_13,compounded_sales_growth,10,18.5
COMP_13,compounded_sales_growth,5,15.0
COMP_13,compounded_sales_growth,3,12.2
COMP_13,compounded_profit_growth,10,22.0
COMP_13,compounded_profit_growth,5,18.4
COMP_13,compounded_profit_growth,3,14.1
COMP_13,stock_price_cagr,10,15.0
COMP_13,stock_price_cagr,5,12.0
COMP_13,roe,10,20.0
COMP_13,roe,5,22.5
COMP_13,roe,3,21.0
COMP_14,compounded_sales_growth,10,18.5
COMP_14,compounded_sales_growth,5,15.0
COMP_14,compounded_sales_growth,3,12.2
COMP_14,compounded_profit_growth,10,22.0
COMP_14,compounded_profit_growth,5,18.4
COMP_14,compounded_profit_growth,3,14.1
COMP_14,stock_price_cagr,10,15.0
COMP_14,stock_price_cagr,5,12.0
COMP_14,roe,10,20.0
COMP_14,roe,5,22.5
COMP_14,roe,3,21.0
COMP_15,compounded_sales_growth,10,18.5
COMP_15,compounded_sales_growth,5,15.0
COMP_15,compounded_sales_growth,3,12.2
COMP_15,compounded_profit_growth,10,22.0
COMP_15,compounded_profit_growth,5,18.4
COMP_15,compounded_profit_growth,3,14.1
COMP_15,stock_price_cagr,10,15.0
COMP_15,stock_price_cagr,5,12.0
COMP_15,roe,10,20.0
COMP_15,roe,5,22.5
COMP_15,roe,3,21.0
COMP_16,compounded_sales_growth,10,18.5
COMP_16,compounded_sales_growth,5,15.0
COMP_16,compounded_sales_growth,3,12.2
COMP_16,compounded_profit_growth,10,22.0
COMP_16,compounded_profit_growth,5,18.4
COMP_16,compounded_profit_growth,3,14.1
COMP_16,stock_price_cagr,10,15.0
COMP_16,stock_price_cagr,5,12.0
COMP_16,roe,10,20.0
COMP_16,roe,5,22.5
COMP_16,roe,3,21.0
COMP_17,compounded_sales_growth,10,18.5
COMP_17,compounded_sales_growth,5,15.0
COMP_17,compounded_sales_growth,3,12.2
COMP_17,compounded_profit_growth,10,22.0
COMP_17,compounded_profit_growth,5,18.4
COMP_17,compounded_profit_growth,3,14.1
COMP_17,stock_price_cagr,10,15.0
COMP_17,stock_price_cagr,5,12.0
COMP_17,roe,10,20.0
COMP_17,roe,5,22.5
COMP_17,roe,3,21.0
COMP_18,compounded_sales_growth,10,18.5
COMP_18,compounded_sales_growth,5,15.0
COMP_18,compounded_sales_growth,3,12.2
COMP_18,compounded_profit_growth,10,22.0
COMP_18,compounded_profit_growth,5,18.4
COMP_18,compounded_profit_growth,3,14.1
COMP_18,stock_price_cagr,10,15.0
COMP_18,stock_price_cagr,5,12.0
COMP_18,roe,10,20.0
COMP_18,roe,5,22.5
COMP_18,roe,3,21.0
COMP_19,compounded_sales_growth,10,18.5
COMP_19,compounded_sales_growth,5,15.0
COMP_19,compounded_sales_growth,3,12.2
COMP_19,compounded_profit_growth,10,22.0
COMP_19,compounded_profit_growth,5,18.4
COMP_19,compounded_profit_growth,3,14.1
COMP_19,stock_price_cagr,10,15.0
COMP_19,stock_price_cagr,5,12.0
COMP_19,roe,10,20.0
COMP_19,roe,5,22.5
COMP_19,roe,3,21.0
COMP_20,compounded_sales_growth,10,18.5
COMP_20,compounded_sales_growth,5,15.0
COMP_20,compounded_sales_growth,3,12.2
COMP_20,compounded_profit_growth,10,22.0
COMP_20,compounded_profit_growth,5,18.4
COMP_20,compounded_profit_growth,3,14.1
COMP_20,stock_price_cagr,10,15.0
COMP_20,stock_price_cagr,5,12.0
COMP_20,roe,10,20.0
COMP_20,roe,5,22.5
COMP_20,roe,3,21.0
COMP_21,compounded_sales_growth,10,18.5
COMP_21,compounded_sales_growth,5,15.0
COMP_21,compounded_sales_growth,3,12.2
COMP_21,compounded_profit_growth,10,22.0
COMP_21,compounded_profit_growth,5,18.4
COMP_21,compounded_profit_growth,3,14.1
COMP_21,stock_price_cagr,10,15.0
COMP_21,stock_price_cagr,5,12.0
COMP_21,roe,10,20.0
COMP_21,roe,5,22.5
COMP_21,roe,3,21.0
COMP_22,compounded_sales_growth,10,18.5
COMP_22,compounded_sales_growth,5,15.0
COMP_22,compounded_sales_growth,3,12.2
COMP_22,compounded_profit_growth,10,22.0
COMP_22,compounded_profit_growth,5,18.4
COMP_22,compounded_profit_growth,3,14.1
COMP_22,stock_price_cagr,10,15.0
COMP_22,stock_price_cagr,5,12.0
COMP_22,roe,10,20.0
COMP_22,roe,5,22.5
COMP_22,roe,3,21.0
COMP_23,compounded_sales_growth,10,18.5
COMP_23,compounded_sales_growth,5,15.0
COMP_23,compounded_sales_growth,3,12.2
COMP_23,compounded_profit_growth,10,22.0
COMP_23,compounded_profit_growth,5,18.4
COMP_23,compounded_profit_growth,3,14.1
COMP_23,stock_price_cagr,10,15.0
COMP_23,stock_price_cagr,5,12.0
COMP_23,roe,10,20.0
COMP_23,roe,5,22.5
COMP_23,roe,3,21.0
COMP_24,compounded_sales_growth,10,18.5
COMP_24,compounded_sales_growth,5,15.0
COMP_24,compounded_sales_growth,3,12.2
COMP_24,compounded_profit_growth,10,22.0
COMP_24,compounded_profit_growth,5,18.4
COMP_24,compounded_profit_growth,3,14.1
COMP_24,stock_price_cagr,10,15.0
COMP_24,stock_price_cagr,5,12.0
COMP_24,roe,10,20.0
COMP_24,roe,5,22.5
COMP_24,roe,3,21.0
COMP_25,compounded_sales_growth,10,18.5
COMP_25,compounded_sales_growth,5,15.0
COMP_25,compounded_sales_growth,3,12.2
COMP_25,compounded_profit_growth,10,22.0
COMP_25,compounded_profit_growth,5,18.4
COMP_25,compounded_profit_growth,3,14.1
COMP_25,stock_price_cagr,10,15.0
COMP_25,stock_price_cagr,5,12.0
COMP_25,roe,10,20.0
COMP_25,roe,5,22.5
COMP_25,roe,3,21.0
COMP_26,compounded_sales_growth,10,18.5
COMP_26,compounded_sales_growth,5,15.0
COMP_26,compounded_sales_growth,3,12.2
COMP_26,compounded_profit_growth,10,22.0
COMP_26,compounded_profit_growth,5,18.4
COMP_26,compounded_profit_growth,3,14.1
COMP_26,stock_price_cagr,10,15.0
COMP_26,stock_price_cagr,5,12.0
COMP_26,roe,10,20.0
COMP_26,roe,5,22.5
COMP_26,roe,3,21.0
COMP_27,compounded_sales_growth,10,18.5
COMP_27,compounded_sales_growth,5,15.0
COMP_27,compounded_sales_growth,3,12.2
COMP_27,compounded_profit_growth,10,22.0
COMP_27,compounded_profit_growth,5,18.4
COMP_27,compounded_profit_growth,3,14.1
COMP_27,stock_price_cagr,10,15.0
COMP_27,stock_price_cagr,5,12.0
COMP_27,roe,10,20.0
COMP_27,roe,5,22.5
COMP_27,roe,3,21.0
COMP_28,compounded_sales_growth,10,18.5
COMP_28,compounded_sales_growth,5,15.0
COMP_28,compounded_sales_growth,3,12.2
COMP_28,compounded_profit_growth,10,22.0
COMP_28,compounded_profit_growth,5,18.4
COMP_28,compounded_profit_growth,3,14.1
COMP_28,stock_price_cagr,10,15.0
COMP_28,stock_price_cagr,5,12.0
COMP_28,roe,10,20.0
COMP_28,roe,5,22.5
COMP_28,roe,3,21.0
COMP_29,compounded_sales_growth,10,18.5
COMP_29,compounded_sales_growth,5,15.0
COMP_29,compounded_sales_growth,3,12.2
COMP_29,compounded_profit_growth,10,22.0
COMP_29,compounded_profit_growth,5,18.4
COMP_29,compounded_profit_growth,3,14.1
COMP_29,stock_price_cagr,10,15.0
COMP_29,stock_price_cagr,5,12.0
COMP_29,roe,10,20.0
COMP_29,roe,5,22.5
COMP_29,roe,3,21.0
COMP_30,compounded_sales_growth,10,18.5
COMP_30,compounded_sales_growth,5,15.0
COMP_30,compounded_sales_growth,3,12.2
COMP_30,compounded_profit_growth,10,22.0
COMP_30,compounded_profit_growth,5,18.4
COMP_30,compounded_profit_growth,3,14.1
COMP_30,stock_price_cagr,10,15.0
COMP_30,stock_price_cagr,5,12.0
COMP_30,roe,10,20.0
COMP_30,roe,5,22.5
COMP_30,roe,3,21.0
COMP_31,compounded_sales_growth,10,18.5
COMP_31,compounded_sales_growth,5,15.0
COMP_31,compounded_sales_growth,3,12.2
COMP_31,compounded_profit_growth,10,22.0
COMP_31,compounded_profit_growth,5,18.4
COMP_31,compounded_profit_growth,3,14.1
COMP_31,stock_price_cagr,10,15.0
COMP_31,stock_price_cagr,5,12.0
COMP_31,roe,10,20.0
COMP_31,roe,5,22.5
COMP_31,roe,3,21.0
COMP_32,compounded_sales_growth,10,18.5
COMP_32,compounded_sales_growth,5,15.0
COMP_32,compounded_sales_growth,3,12.2
COMP_32,compounded_profit_growth,10,22.0
COMP_32,compounded_profit_growth,5,18.4
COMP_32,compounded_profit_growth,3,14.1
COMP_32,stock_price_cagr,10,15.0
COMP_32,stock_price_cagr,5,12.0
COMP_32,roe,10,20.0
COMP_32,roe,5,22.5
COMP_32,roe,3,21.0
COMP_33,compounded_sales_growth,10,18.5
COMP_33,compounded_sales_growth,5,15.0
COMP_33,compounded_sales_growth,3,12.2
COMP_33,compounded_profit_growth,10,22.0
COMP_33,compounded_profit_growth,5,18.4
COMP_33,compounded_profit_growth,3,14.1
COMP_33,stock_price_cagr,10,15.0
COMP_33,stock_price_cagr,5,12.0
COMP_33,roe,10,20.0
COMP_33,roe,5,22.5
COMP_33,roe,3,21.0
COMP_34,compounded_sales_growth,10,18.5
COMP_34,compounded_sales_growth,5,15.0
COMP_34,compounded_sales_growth,3,12.2
COMP_34,compounded_profit_growth,10,22.0
COMP_34,compounded_profit_growth,5,18.4
COMP_34,compounded_profit_growth,3,14.1
COMP_34,stock_price_cagr,10,15.0
COMP_34,stock_price_cagr,5,12.0
COMP_34,roe,10,20.0
COMP_34,roe,5,22.5
COMP_34,roe,3,21.0
COMP_35,compounded_sales_growth,10,18.5
COMP_35,compounded_sales_growth,5,15.0
COMP_35,compounded_sales_growth,3,12.2
COMP_35,compounded_profit_growth,10,22.0
COMP_35,compounded_profit_growth,5,18.4
COMP_35,compounded_profit_growth,3,14.1
COMP_35,stock_price_cagr,10,15.0
COMP_35,stock_price_cagr,5,12.0
COMP_35,roe,10,20.0
COMP_35,roe,5,22.5
COMP_35,roe,3,21.0
COMP_36,compounded_sales_growth,10,18.5
COMP_36,compounded_sales_growth,5,15.0
COMP_36,compounded_sales_growth,3,12.2
COMP_36,compounded_profit_growth,10,22.0
COMP_36,compounded_profit_growth,5,18.4
COMP_36,compounded_profit_growth,3,14.1
COMP_36,stock_price_cagr,10,15.0
COMP_36,stock_price_cagr,5,12.0
COMP_36,roe,10,20.0
COMP_36,roe,5,22.5
COMP_36,roe,3,21.0
COMP_37,compounded_sales_growth,10,18.5
COMP_37,compounded_sales_growth,5,15.0
COMP_37,compounded_sales_growth,3,12.2
COMP_37,compounded_profit_growth,10,22.0
COMP_37,compounded_profit_growth,5,18.4
COMP_37,compounded_profit_growth,3,14.1
COMP_37,stock_price_cagr,10,15.0
COMP_37,stock_price_cagr,5,12.0
COMP_37,roe,10,20.0
COMP_37,roe,5,22.5
COMP_37,roe,3,21.0
COMP_38,compounded_sales_growth,10,18.5
COMP_38,compounded_sales_growth,5,15.0
COMP_38,compounded_sales_growth,3,12.2
COMP_38,compounded_profit_growth,10,22.0
COMP_38,compounded_profit_growth,5,18.4
COMP_38,compounded_profit_growth,3,14.1
COMP_38,stock_price_cagr,10,15.0
COMP_38,stock_price_cagr,5,12.0
COMP_38,roe,10,20.0
COMP_38,roe,5,22.5
COMP_38,roe,3,21.0
COMP_39,compounded_sales_growth,10,18.5
COMP_39,compounded_sales_growth,5,15.0
COMP_39,compounded_sales_growth,3,12.2
COMP_39,compounded_profit_growth,10,22.0
COMP_39,compounded_profit_growth,5,18.4
COMP_39,compounded_profit_growth,3,14.1
COMP_39,stock_price_cagr,10,15.0
COMP_39,stock_price_cagr,5,12.0
COMP_39,roe,10,20.0
COMP_39,roe,5,22.5
COMP_39,roe,3,21.0
COMP_40,compounded_sales_growth,10,18.5
COMP_40,compounded_sales_growth,5,15.0
COMP_40,compounded_sales_growth,3,12.2
COMP_40,compounded_profit_growth,10,22.0
COMP_40,compounded_profit_growth,5,18.4
COMP_40,compounded_profit_growth,3,14.1
COMP_40,stock_price_cagr,10,15.0
COMP_40,stock_price_cagr,5,12.0
COMP_40,roe,10,20.0
COMP_40,roe,5,22.5
COMP_40,roe,3,21.0
COMP_41,compounded_sales_growth,10,18.5
COMP_41,compounded_sales_growth,5,15.0
COMP_41,compounded_sales_growth,3,12.2
COMP_41,compounded_profit_growth,10,22.0
COMP_41,compounded_profit_growth,5,18.4
COMP_41,compounded_profit_growth,3,14.1
COMP_41,stock_price_cagr,10,15.0
COMP_41,stock_price_cagr,5,12.0
COMP_41,roe,10,20.0
COMP_41,roe,5,22.5
COMP_41,roe,3,21.0
COMP_42,compounded_sales_growth,10,18.5
COMP_42,compounded_sales_growth,5,15.0
COMP_42,compounded_sales_growth,3,12.2
COMP_42,compounded_profit_growth,10,22.0
COMP_42,compounded_profit_growth,5,18.4
COMP_42,compounded_profit_growth,3,14.1
COMP_42,stock_price_cagr,10,15.0
COMP_42,stock_price_cagr,5,12.0
COMP_42,roe,10,20.0
COMP_42,roe,5,22.5
COMP_42,roe,3,21.0
COMP_43,compounded_sales_growth,10,18.5
COMP_43,compounded_sales_growth,5,15.0
COMP_43,compounded_sales_growth,3,12.2
COMP_43,compounded_profit_growth,10,22.0
COMP_43,compounded_profit_growth,5,18.4
COMP_43,compounded_profit_growth,3,14.1
COMP_43,stock_price_cagr,10,15.0
COMP_43,stock_price_cagr,5,12.0
COMP_43,roe,10,20.0
COMP_43,roe,5,22.5
COMP_43,roe,3,21.0
COMP_44,compounded_sales_growth,10,18.5
COMP_44,compounded_sales_growth,5,15.0
COMP_44,compounded_sales_growth,3,12.2
COMP_44,compounded_profit_growth,10,22.0
COMP_44,compounded_profit_growth,5,18.4
COMP_44,compounded_profit_growth,3,14.1
COMP_44,stock_price_cagr,10,15.0
COMP_44,stock_price_cagr,5,12.0
COMP_44,roe,10,20.0
COMP_44,roe,5,22.5
COMP_44,roe,3,21.0
COMP_45,compounded_sales_growth,10,18.5
COMP_45,compounded_sales_growth,5,15.0
COMP_45,compounded_sales_growth,3,12.2
COMP_45,compounded_profit_growth,10,22.0
COMP_45,compounded_profit_growth,5,18.4
COMP_45,compounded_profit_growth,3,14.1
COMP_45,stock_price_cagr,10,15.0
COMP_45,stock_price_cagr,5,12.0
COMP_45,roe,10,20.0
COMP_45,roe,5,22.5
COMP_45,roe,3,21.0
COMP_46,compounded_sales_growth,10,18.5
COMP_46,compounded_sales_growth,5,15.0
COMP_46,compounded_sales_growth,3,12.2
COMP_46,compounded_profit_growth,10,22.0
COMP_46,compounded_profit_growth,5,18.4
COMP_46,compounded_profit_growth,3,14.1
COMP_46,stock_price_cagr,10,15.0
COMP_46,stock_price_cagr,5,12.0
COMP_46,roe,10,20.0
COMP_46,roe,5,22.5
COMP_46,roe,3,21.0
COMP_47,compounded_sales_growth,10,18.5
COMP_47,compounded_sales_growth,5,15.0
COMP_47,compounded_sales_growth,3,12.2
COMP_47,compounded_profit_growth,10,22.0
COMP_47,compounded_profit_growth,5,18.4
COMP_47,compounded_profit_growth,3,14.1
COMP_47,stock_price_cagr,10,15.0
COMP_47,stock_price_cagr,5,12.0
COMP_47,roe,10,20.0
COMP_47,roe,5,22.5
COMP_47,roe,3,21.0
COMP_48,compounded_sales_growth,10,18.5
COMP_48,compounded_sales_growth,5,15.0
COMP_48,compounded_sales_growth,3,12.2
COMP_48,compounded_profit_growth,10,22.0
COMP_48,compounded_profit_growth,5,18.4
COMP_48,compounded_profit_growth,3,14.1
COMP_48,stock_price_cagr,10,15.0
COMP_48,stock_price_cagr,5,12.0
COMP_48,roe,10,20.0
COMP_48,roe,5,22.5
COMP_48,roe,3,21.0
COMP_49,compounded_sales_growth,10,18.5
COMP_49,compounded_sales_growth,5,15.0
COMP_49,compounded_sales_growth,3,12.2
COMP_49,compounded_profit_growth,10,22.0
COMP_49,compounded_profit_growth,5,18.4
COMP_49,compounded_profit_growth,3,14.1
COMP_49,stock_price_cagr,10,15.0
COMP_49,stock_price_cagr,5,12.0
COMP_49,roe,10,20.0
COMP_49,roe,5,22.5
COMP_49,roe,3,21.0
COMP_50,compounded_sales_growth,10,18.5
COMP_50,compounded_sales_growth,5,15.0
COMP_50,compounded_sales_growth,3,12.2
COMP_50,compounded_profit_growth,10,22.0
COMP_50,compounded_profit_growth,5,18.4
COMP_50,compounded_profit_growth,3,14.1
COMP_50,stock_price_cagr,10,15.0
COMP_50,stock_price_cagr,5,12.0
COMP_50,roe,10,20.0
COMP_50,roe,5,22.5
COMP_50,roe,3,21.0
COMP_51,compounded_sales_growth,10,18.5
COMP_51,compounded_sales_growth,5,15.0
COMP_51,compounded_sales_growth,3,12.2
COMP_51,compounded_profit_growth,10,22.0
COMP_51,compounded_profit_growth,5,18.4
COMP_51,compounded_profit_growth,3,14.1
COMP_51,stock_price_cagr,10,15.0
COMP_51,stock_price_cagr,5,12.0
COMP_51,roe,10,20.0
COMP_51,roe,5,22.5
COMP_51,roe,3,21.0
COMP_52,compounded_sales_growth,10,18.5
COMP_52,compounded_sales_growth,5,15.0
COMP_52,compounded_sales_growth,3,12.2
COMP_52,compounded_profit_growth,10,22.0
COMP_52,compounded_profit_growth,5,18.4
COMP_52,compounded_profit_growth,3,14.1
COMP_52,stock_price_cagr,10,15.0
COMP_52,stock_price_cagr,5,12.0
COMP_52,roe,10,20.0
COMP_52,roe,5,22.5
COMP_52,roe,3,21.0
COMP_53,compounded_sales_growth,10,18.5
COMP_53,compounded_sales_growth,5,15.0
COMP_53,compounded_sales_growth,3,12.2
COMP_53,compounded_profit_growth,10,22.0
COMP_53,compounded_profit_growth,5,18.4
COMP_53,compounded_profit_growth,3,14.1
COMP_53,stock_price_cagr,10,15.0
COMP_53,stock_price_cagr,5,12.0
COMP_53,roe,10,20.0
COMP_53,roe,5,22.5
COMP_53,roe,3,21.0
COMP_54,compounded_sales_growth,10,18.5
COMP_54,compounded_sales_growth,5,15.0
COMP_54,compounded_sales_growth,3,12.2
COMP_54,compounded_profit_growth,10,22.0
COMP_54,compounded_profit_growth,5,18.4
COMP_54,compounded_profit_growth,3,14.1
COMP_54,stock_price_cagr,10,15.0
COMP_54,stock_price_cagr,5,12.0
COMP_54,roe,10,20.0
COMP_54,roe,5,22.5
COMP_54,roe,3,21.0
COMP_55,compounded_sales_growth,10,18.5
COMP_55,compounded_sales_growth,5,15.0
COMP_55,compounded_sales_growth,3,12.2
COMP_55,compounded_profit_growth,10,22.0
COMP_55,compounded_profit_growth,5,18.4
COMP_55,compounded_profit_growth,3,14.1
COMP_55,stock_price_cagr,10,15.0
COMP_55,stock_price_cagr,5,12.0
COMP_55,roe,10,20.0
COMP_55,roe,5,22.5
COMP_55,roe,3,21.0
COMP_56,compounded_sales_growth,10,18.5
COMP_56,compounded_sales_growth,5,15.0
COMP_56,compounded_sales_growth,3,12.2
COMP_56,compounded_profit_growth,10,22.0
COMP_56,compounded_profit_growth,5,18.4
COMP_56,compounded_profit_growth,3,14.1
COMP_56,stock_price_cagr,10,15.0
COMP_56,stock_price_cagr,5,12.0
COMP_56,roe,10,20.0
COMP_56,roe,5,22.5
COMP_56,roe,3,21.0
COMP_57,compounded_sales_growth,10,18.5
COMP_57,compounded_sales_growth,5,15.0
COMP_57,compounded_sales_growth,3,12.2
COMP_57,compounded_profit_growth,10,22.0
COMP_57,compounded_profit_growth,5,18.4
COMP_57,compounded_profit_growth,3,14.1
COMP_57,stock_price_cagr,10,15.0
COMP_57,stock_price_cagr,5,12.0
COMP_57,roe,10,20.0
COMP_57,roe,5,22.5
COMP_57,roe,3,21.0
COMP_58,compounded_sales_growth,10,18.5
COMP_58,compounded_sales_growth,5,15.0
COMP_58,compounded_sales_growth,3,12.2
COMP_58,compounded_profit_growth,10,22.0
COMP_58,compounded_profit_growth,5,18.4
COMP_58,compounded_profit_growth,3,14.1
COMP_58,stock_price_cagr,10,15.0
COMP_58,stock_price_cagr,5,12.0
COMP_58,roe,10,20.0
COMP_58,roe,5,22.5
COMP_58,roe,3,21.0
COMP_59,compounded_sales_growth,10,18.5
COMP_59,compounded_sales_growth,5,15.0
COMP_59,compounded_sales_growth,3,12.2
COMP_59,compounded_profit_growth,10,22.0
COMP_59,compounded_profit_growth,5,18.4
COMP_59,compounded_profit_growth,3,14.1
COMP_59,stock_price_cagr,10,15.0
COMP_59,stock_price_cagr,5,12.0
COMP_59,roe,10,20.0
COMP_59,roe,5,22.5
COMP_59,roe,3,21.0
COMP_60,compounded_sales_growth,10,18.5
COMP_60,compounded_sales_growth,5,15.0
COMP_60,compounded_sales_growth,3,12.2
COMP_60,compounded_profit_growth,10,22.0
COMP_60,compounded_profit_growth,5,18.4
COMP_60,compounded_profit_growth,3,14.1
COMP_60,stock_price_cagr,10,15.0
COMP_60,stock_price_cagr,5,12.0
COMP_60,roe,10,20.0
COMP_60,roe,5,22.5
COMP_60,roe,3,21.0
COMP_61,compounded_sales_growth,10,18.5
COMP_61,compounded_sales_growth,5,15.0
COMP_61,compounded_sales_growth,3,12.2
COMP_61,compounded_profit_growth,10,22.0
COMP_61,compounded_profit_growth,5,18.4
COMP_61,compounded_profit_growth,3,14.1
COMP_61,stock_price_cagr,10,15.0
COMP_61,stock_price_cagr,5,12.0
COMP_61,roe,10,20.0
COMP_61,roe,5,22.5
COMP_61,roe,3,21.0
COMP_62,compounded_sales_growth,10,18.5
COMP_62,compounded_sales_growth,5,15.0
COMP_62,compounded_sales_growth,3,12.2
COMP_62,compounded_profit_growth,10,22.0
COMP_62,compounded_profit_growth,5,18.4
COMP_62,compounded_profit_growth,3,14.1
COMP_62,stock_price_cagr,10,15.0
COMP_62,stock_price_cagr,5,12.0
COMP_62,roe,10,20.0
COMP_62,roe,5,22.5
COMP_62,roe,3,21.0
COMP_63,compounded_sales_growth,10,18.5
COMP_63,compounded_sales_growth,5,15.0
COMP_63,compounded_sales_growth,3,12.2
COMP_63,compounded_profit_growth,10,22.0
COMP_63,compounded_profit_growth,5,18.4
COMP_63,compounded_profit_growth,3,14.1
COMP_63,stock_price_cagr,10,15.0
COMP_63,stock_price_cagr,5,12.0
COMP_63,roe,10,20.0
COMP_63,roe,5,22.5
COMP_63,roe,3,21.0
COMP_64,compounded_sales_growth,10,18.5
COMP_64,compounded_sales_growth,5,15.0
COMP_64,compounded_sales_growth,3,12.2
COMP_64,compounded_profit_growth,10,22.0
COMP_64,compounded_profit_growth,5,18.4
COMP_64,compounded_profit_growth,3,14.1
COMP_64,stock_price_cagr,10,15.0
COMP_64,stock_price_cagr,5,12.0
COMP_64,roe,10,20.0
COMP_64,roe,5,22.5
COMP_64,roe,3,21.0
COMP_65,compounded_sales_growth,10,18.5
COMP_65,compounded_sales_growth,5,15.0
COMP_65,compounded_sales_growth,3,12.2
COMP_65,compounded_profit_growth,10,22.0
COMP_65,compounded_profit_growth,5,18.4
COMP_65,compounded_profit_growth,3,14.1
COMP_65,stock_price_cagr,10,15.0
COMP_65,stock_price_cagr,5,12.0
COMP_65,roe,10,20.0
COMP_65,roe,5,22.5
COMP_65,roe,3,21.0
COMP_66,compounded_sales_growth,10,18.5
COMP_66,compounded_sales_growth,5,15.0
COMP_66,compounded_sales_growth,3,12.2
COMP_66,compounded_profit_growth,10,22.0
COMP_66,compounded_profit_growth,5,18.4
COMP_66,compounded_profit_growth,3,14.1
COMP_66,stock_price_cagr,10,15.0
COMP_66,stock_price_cagr,5,12.0
COMP_66,roe,10,20.0
COMP_66,roe,5,22.5
COMP_66,roe,3,21.0
COMP_67,compounded_sales_growth,10,18.5
COMP_67,compounded_sales_growth,5,15.0
COMP_67,compounded_sales_growth,3,12.2
COMP_67,compounded_profit_growth,10,22.0
COMP_67,compounded_profit_growth,5,18.4
COMP_67,compounded_profit_growth,3,14.1
COMP_67,stock_price_cagr,10,15.0
COMP_67,stock_price_cagr,5,12.0
COMP_67,roe,10,20.0
COMP_67,roe,5,22.5
COMP_67,roe,3,21.0
COMP_68,compounded_sales_growth,10,18.5
COMP_68,compounded_sales_growth,5,15.0
COMP_68,compounded_sales_growth,3,12.2
COMP_68,compounded_profit_growth,10,22.0
COMP_68,compounded_profit_growth,5,18.4
COMP_68,compounded_profit_growth,3,14.1
COMP_68,stock_price_cagr,10,15.0
COMP_68,stock_price_cagr,5,12.0
COMP_68,roe,10,20.0
COMP_68,roe,5,22.5
COMP_68,roe,3,21.0
COMP_69,compounded_sales_growth,10,18.5
COMP_69,compounded_sales_growth,5,15.0
COMP_69,compounded_sales_growth,3,12.2
COMP_69,compounded_profit_growth,10,22.0
COMP_69,compounded_profit_growth,5,18.4
COMP_69,compounded_profit_growth,3,14.1
COMP_69,stock_price_cagr,10,15.0
COMP_69,stock_price_cagr,5,12.0
COMP_69,roe,10,20.0
COMP_69,roe,5,22.5
COMP_69,roe,3,21.0
COMP_70,compounded_sales_growth,10,18.5
COMP_70,compounded_sales_growth,5,15.0
COMP_70,compounded_sales_growth,3,12.2
COMP_70,compounded_profit_growth,10,22.0
COMP_70,compounded_profit_growth,5,18.4
COMP_70,compounded_profit_growth,3,14.1
COMP_70,stock_price_cagr,10,15.0
COMP_70,stock_price_cagr,5,12.0
COMP_70,roe,10,20.0
COMP_70,roe,5,22.5
COMP_70,roe,3,21.0
COMP_71,compounded_sales_growth,10,18.5
COMP_71,compounded_sales_growth,5,15.0
COMP_71,compounded_sales_growth,3,12.2
COMP_71,compounded_profit_growth,10,22.0
COMP_71,compounded_profit_growth,5,18.4
COMP_71,compounded_profit_growth,3,14.1
COMP_71,stock_price_cagr,10,15.0
COMP_71,stock_price_cagr,5,12.0
COMP_71,roe,10,20.0
COMP_71,roe,5,22.5
COMP_71,roe,3,21.0
COMP_72,compounded_sales_growth,10,18.5
COMP_72,compounded_sales_growth,5,15.0
COMP_72,compounded_sales_growth,3,12.2
COMP_72,compounded_profit_growth,10,22.0
COMP_72,compounded_profit_growth,5,18.4
COMP_72,compounded_profit_growth,3,14.1
COMP_72,stock_price_cagr,10,15.0
COMP_72,stock_price_cagr,5,12.0
COMP_72,roe,10,20.0
COMP_72,roe,5,22.5
COMP_72,roe,3,21.0
COMP_73,compounded_sales_growth,10,18.5
COMP_73,compounded_sales_growth,5,15.0
COMP_73,compounded_sales_growth,3,12.2
COMP_73,compounded_profit_growth,10,22.0
COMP_73,compounded_profit_growth,5,18.4
COMP_73,compounded_profit_growth,3,14.1
COMP_73,stock_price_cagr,10,15.0
COMP_73,stock_price_cagr,5,12.0
COMP_73,roe,10,20.0
COMP_73,roe,5,22.5
COMP_73,roe,3,21.0
COMP_74,compounded_sales_growth,10,18.5
COMP_74,compounded_sales_growth,5,15.0
COMP_74,compounded_sales_growth,3,12.2
COMP_74,compounded_profit_growth,10,22.0
COMP_74,compounded_profit_growth,5,18.4
COMP_74,compounded_profit_growth,3,14.1
COMP_74,stock_price_cagr,10,15.0
COMP_74,stock_price_cagr,5,12.0
COMP_74,roe,10,20.0
COMP_74,roe,5,22.5
COMP_74,roe,3,21.0
COMP_75,compounded_sales_growth,10,18.5
COMP_75,compounded_sales_growth,5,15.0
COMP_75,compounded_sales_growth,3,12.2
COMP_75,compounded_profit_growth,10,22.0
COMP_75,compounded_profit_growth,5,18.4
COMP_75,compounded_profit_growth,3,14.1
COMP_75,stock_price_cagr,10,15.0
COMP_75,stock_price_cagr,5,12.0
COMP_75,roe,10,20.0
COMP_75,roe,5,22.5
COMP_75,roe,3,21.0
COMP_76,compounded_sales_growth,10,18.5
COMP_76,compounded_sales_growth,5,15.0
COMP_76,compounded_sales_growth,3,12.2
COMP_76,compounded_profit_growth,10,22.0
COMP_76,compounded_profit_growth,5,18.4
COMP_76,compounded_profit_growth,3,14.1
COMP_76,stock_price_cagr,10,15.0
COMP_76,stock_price_cagr,5,12.0
COMP_76,roe,10,20.0
COMP_76,roe,5,22.5
COMP_76,roe,3,21.0
COMP_77,compounded_sales_growth,10,18.5
COMP_77,compounded_sales_growth,5,15.0
COMP_77,compounded_sales_growth,3,12.2
COMP_77,compounded_profit_growth,10,22.0
COMP_77,compounded_profit_growth,5,18.4
COMP_77,compounded_profit_growth,3,14.1
COMP_77,stock_price_cagr,10,15.0
COMP_77,stock_price_cagr,5,12.0
COMP_77,roe,10,20.0
COMP_77,roe,5,22.5
COMP_77,roe,3,21.0
COMP_78,compounded_sales_growth,10,18.5
COMP_78,compounded_sales_growth,5,15.0
COMP_78,compounded_sales_growth,3,12.2
COMP_78,compounded_profit_growth,10,22.0
COMP_78,compounded_profit_growth,5,18.4
COMP_78,compounded_profit_growth,3,14.1
COMP_78,stock_price_cagr,10,15.0
COMP_78,stock_price_cagr,5,12.0
COMP_78,roe,10,20.0
COMP_78,roe,5,22.5
COMP_78,roe,3,21.0
COMP_79,compounded_sales_growth,10,18.5
COMP_79,compounded_sales_growth,5,15.0
COMP_79,compounded_sales_growth,3,12.2
COMP_79,compounded_profit_growth,10,22.0
COMP_79,compounded_profit_growth,5,18.4
COMP_79,compounded_profit_growth,3,14.1
COMP_79,stock_price_cagr,10,15.0
COMP_79,stock_price_cagr,5,12.0
COMP_79,roe,10,20.0
COMP_79,roe,5,22.5
COMP_79,roe,3,21.0
COMP_80,compounded_sales_growth,10,18.5
COMP_80,compounded_sales_growth,5,15.0
COMP_80,compounded_sales_growth,3,12.2
COMP_80,compounded_profit_growth,10,22.0
COMP_80,compounded_profit_growth,5,18.4
COMP_80,compounded_profit_growth,3,14.1
COMP_80,stock_price_cagr,10,15.0
COMP_80,stock_price_cagr,5,12.0
COMP_80,roe,10,20.0
COMP_80,roe,5,22.5
COMP_80,roe,3,21.0
COMP_81,compounded_sales_growth,10,18.5
COMP_81,compounded_sales_growth,5,15.0
COMP_81,compounded_sales_growth,3,12.2
COMP_81,compounded_profit_growth,10,22.0
COMP_81,compounded_profit_growth,5,18.4
COMP_81,compounded_profit_growth,3,14.1
COMP_81,stock_price_cagr,10,15.0
COMP_81,stock_price_cagr,5,12.0
COMP_81,roe,10,20.0
COMP_81,roe,5,22.5
COMP_81,roe,3,21.0
COMP_82,compounded_sales_growth,10,18.5
COMP_82,compounded_sales_growth,5,15.0
COMP_82,compounded_sales_growth,3,12.2
COMP_82,compounded_profit_growth,10,22.0
COMP_82,compounded_profit_growth,5,18.4
COMP_82,compounded_profit_growth,3,14.1
COMP_82,stock_price_cagr,10,15.0
COMP_82,stock_price_cagr,5,12.0
COMP_82,roe,10,20.0
COMP_82,roe,5,22.5
COMP_82,roe,3,21.0
COMP_83,compounded_sales_growth,10,18.5
COMP_83,compounded_sales_growth,5,15.0
COMP_83,compounded_sales_growth,3,12.2
COMP_83,compounded_profit_growth,10,22.0
COMP_83,compounded_profit_growth,5,18.4
COMP_83,compounded_profit_growth,3,14.1
COMP_83,stock_price_cagr,10,15.0
COMP_83,stock_price_cagr,5,12.0
COMP_83,roe,10,20.0
COMP_83,roe,5,22.5
COMP_83,roe,3,21.0
COMP_84,compounded_sales_growth,10,18.5
COMP_84,compounded_sales_growth,5,15.0
COMP_84,compounded_sales_growth,3,12.2
COMP_84,compounded_profit_growth,10,22.0
COMP_84,compounded_profit_growth,5,18.4
COMP_84,compounded_profit_growth,3,14.1
COMP_84,stock_price_cagr,10,15.0
COMP_84,stock_price_cagr,5,12.0
COMP_84,roe,10,20.0
COMP_84,roe,5,22.5
COMP_84,roe,3,21.0
COMP_85,compounded_sales_growth,10,18.5
COMP_85,compounded_sales_growth,5,15.0
COMP_85,compounded_sales_growth,3,12.2
COMP_85,compounded_profit_growth,10,22.0
COMP_85,compounded_profit_growth,5,18.4
COMP_85,compounded_profit_growth,3,14.1
COMP_85,stock_price_cagr,10,15.0
COMP_85,stock_price_cagr,5,12.0
COMP_85,roe,10,20.0
COMP_85,roe,5,22.5
COMP_85,roe,3,21.0
COMP_86,compounded_sales_growth,10,18.5
COMP_86,compounded_sales_growth,5,15.0
COMP_86,compounded_sales_growth,3,12.2
COMP_86,compounded_profit_growth,10,22.0
COMP_86,compounded_profit_growth,5,18.4
COMP_86,compounded_profit_growth,3,14.1
COMP_86,stock_price_cagr,10,15.0
COMP_86,stock_price_cagr,5,12.0
COMP_86,roe,10,20.0
COMP_86,roe,5,22.5
COMP_86,roe,3,21.0
COMP_87,compounded_sales_growth,10,18.5
COMP_87,compounded_sales_growth,5,15.0
COMP_87,compounded_sales_growth,3,12.2
COMP_87,compounded_profit_growth,10,22.0
COMP_87,compounded_profit_growth,5,18.4
COMP_87,compounded_profit_growth,3,14.1
COMP_87,stock_price_cagr,10,15.0
COMP_87,stock_price_cagr,5,12.0
COMP_87,roe,10,20.0
COMP_87,roe,5,22.5
COMP_87,roe,3,21.0
COMP_88,compounded_sales_growth,10,18.5
COMP_88,compounded_sales_growth,5,15.0
COMP_88,compounded_sales_growth,3,12.2
COMP_88,compounded_profit_growth,10,22.0
COMP_88,compounded_profit_growth,5,18.4
COMP_88,compounded_profit_growth,3,14.1
COMP_88,stock_price_cagr,10,15.0
COMP_88,stock_price_cagr,5,12.0
COMP_88,roe,10,20.0
COMP_88,roe,5,22.5
COMP_88,roe,3,21.0
COMP_89,compounded_sales_growth,10,18.5
COMP_89,compounded_sales_growth,5,15.0
COMP_89,compounded_sales_growth,3,12.2
COMP_89,compounded_profit_growth,10,22.0
COMP_89,compounded_profit_growth,5,18.4
COMP_89,compounded_profit_growth,3,14.1
COMP_89,stock_price_cagr,10,15.0
COMP_89,stock_price_cagr,5,12.0
COMP_89,roe,10,20.0
COMP_89,roe,5,22.5
COMP_89,roe,3,21.0
COMP_90,compounded_sales_growth,10,18.5
COMP_90,compounded_sales_growth,5,15.0
COMP_90,compounded_sales_growth,3,12.2
COMP_90,compounded_profit_growth,10,22.0
COMP_90,compounded_profit_growth,5,18.4
COMP_90,compounded_profit_growth,3,14.1
COMP_90,stock_price_cagr,10,15.0
COMP_90,stock_price_cagr,5,12.0
COMP_90,roe,10,20.0
COMP_90,roe,5,22.5
COMP_90,roe,3,21.0
COMP_91,compounded_sales_growth,10,18.5
COMP_91,compounded_sales_growth,5,15.0
COMP_91,compounded_sales_growth,3,12.2
COMP_91,compounded_profit_growth,10,22.0
COMP_91,compounded_profit_growth,5,18.4
COMP_91,compounded_profit_growth,3,14.1
COMP_91,stock_price_cagr,10,15.0
COMP_91,stock_price_cagr,5,12.0
COMP_91,roe,10,20.0
COMP_91,roe,5,22.5
COMP_91,roe,3,21.0
COMP_92,compounded_sales_growth,10,18.5
COMP_92,compounded_sales_growth,5,15.0
COMP_92,compounded_sales_growth,3,12.2
COMP_92,compounded_profit_growth,10,22.0
COMP_92,compounded_profit_growth,5,18.4
COMP_92,compounded_profit_growth,3,14.1
COMP_92,stock_price_cagr,10,15.0
COMP_92,stock_price_cagr,5,12.0
COMP_92,roe,10,20.0
COMP_92,roe,5,22.5
COMP_92,roe,3,21.0
