company_id,company_name,year,return_on_equity_pct,debt_to_equity,net_profit_margin_pct,interest_coverage,asset_turnover
ABB,Abbott India Ltd,2018,23.685764914353218,0.0,12.15888417222559,160.5,1.365066225165563
ABB,Abbott India Ltd,2019,22.410358565737052,0.0,12.231584669747214,359.0,1.2509350561033663
ABB,Abbott India Ltd,2020,24.39325380501851,0.07198683669271905,14.488150500855118,96.77777777777777,1.153932901043135
ABB,Abbott India Ltd,2021,26.5564950038432,0.058800922367409685,16.03248259860789,55.72222222222222,1.1223958333333333
ABB,Abbott India Ltd,2022,28.333333333333332,0.05390070921985816,16.26297577854671,61.31578947368421,1.1631155303030303
ABB,Abbott India Ltd,2023,29.767879548306148,0.03544542032622334,17.74163395027108,85.0,1.1740561896400352
ABB,Abbott India Ltd,2024,34.10962794660608,0.017040613462084634,20.533424517011454,141.75,1.1552439265257752
ASIANPAINT,Asian Paints Indian Multi-National Paint and Coating Manufacturing Company,2013,34.2789598108747,0.0741725768321513,11.043412033511043,44.07142857142857,1.5483490566037736
ASIANPAINT,Asian Paints Indian Multi-National Paint and Coating Manufacturing Company,2014,31.27011636543699,0.06164892300074276,10.335515548281506,44.333333333333336,1.513312693498452
ASIANPAINT,Asian Paints Indian Multi-National Paint and Coating Manufacturing Company,2015,30.09278785322649,0.08814846056516237,10.481087036356959,56.785714285714285,1.5273726722010321
ASIANPAINT,Asian Paints Indian Multi-National Paint and Coating Manufacturing Company,2016,27.632183908045977,0.04950191570881226,12.634013033424427,59.95918367346939,1.351548442087319
ASIANPAINT,Asian Paints Indian Multi-National Paint and Coating Manufacturing Company,2017,26.512361914781696,0.07364544976328248,13.384676669764971,90.05405405405405,1.2141878274889157
ASIANPAINT,Asian Paints Indian Multi-National Paint and Coating Manufacturing Company,2018,24.94649227110583,0.0633769322235434,12.469539375928678,86.34146341463415,1.2224805638305603
ASIANPAINT,Asian Paints Indian Multi-National Paint and Coating Manufacturing Company,2019,23.3132720937599,0.13937282229965156,11.476091476091476,36.71818181818182,1.1840728660225244
ASIANPAINT,Asian Paints Indian Multi-National Paint and Coating Manufacturing Company,2020,27.38400789733465,0.11036525172754195,13.725199148978279,44.23529411764706,1.2523856735654977
ASIANPAINT,Asian Paints Indian Multi-National Paint and Coating Manufacturing Company,2021,25.042948617835393,0.0853506168983289,14.769953484087875,56.391304347826086,1.0667157946450503
ASIANPAINT,Asian Paints Indian Multi-National Paint and Coating Manufacturing Company,2022,22.335650159281784,0.11490008688097307,10.60101027456101,53.68421052631579,1.2675755727850857
ASIANPAINT,Asian Paints Indian Multi-National Paint and Coating Manufacturing Company,2023,26.231865932966482,0.12087293646823412,12.163298442981821,46.46527777777778,1.3378719112455875
ASIANPAINT,Asian Paints Indian Multi-National Paint and Coating Manufacturing Company,2024,30.836662228140256,0.13959165557035064,15.658543456824905,41.00487804878049,1.2042817398385017
ATGL,Adani Total Gas Ltd,2019,20.780399274047188,0.35753176043557167,13.321698662012798,5.711111111111111,0.83935546875
ATGL,Adani Total Gas Ltd,2020,29.63970088375255,0.2909585316111489,23.253333333333334,15.585365853658537,0.7572697899838449
ATGL,Adani Total Gas Ltd,2021,23.94002068252327,0.27352637021716647,27.299528301886795,18.35,0.529338327091136
ATGL,Adani Total Gas Ltd,2022,21.06788079470199,0.4283940397350993,16.754443712969056,15.452830188679245,0.6881087202718007
ATGL,Adani Total Gas Ltd,2023,18.56511390683441,0.48350901054063244,12.47144814984011,11.846153846153847,0.7755535872453498
ATGL,Adani Total Gas Ltd,2024,17.08003068268985,0.3725389925850166,14.927374301675977,10.504504504504505,0.6540485238234435
BAJAJ-AUTO,Bajaj Auto Ltd,2013,38.84686918784873,0.014383137011779294,15.645443196004994,4446.0,1.5840056953013764
BAJAJ-AUTO,Bajaj Auto Ltd,2014,33.24481164551982,0.0058030884233303826,16.785022595222724,4837.0,1.3154559707342566
BAJAJ-AUTO,Bajaj Auto Ltd,2015,27.273546642631818,0.010094637223974764,14.012502894188469,726.0,1.3525616935988976
BAJAJ-AUTO,Bajaj Auto Ltd,2016,28.96576319543509,0.008416547788873038,17.989722689820148,5987.0,1.3093967517401393
BAJAJ-AUTO,Bajaj Auto Ltd,2017,22.843862007168457,0.006720430107526882,18.7497127097219,5897.0,1.0054071540807838
BAJAJ-AUTO,Bajaj Auto Ltd,2018,20.656058751529986,0.005924112607099143,16.735422451408173,6250.0,1.0027445209021122
BAJAJ-AUTO,Bajaj Auto Ltd,2019,21.211208195239532,0.005380278052769767,16.2329534224916,1806.5,1.0528542692654506
BAJAJ-AUTO,Bajaj Auto Ltd,2020,24.06056689133044,0.005816637429600221,17.42036832781844,2313.6666666666665,1.1285929837797057
BAJAJ-AUTO,Bajaj Auto Ltd,2021,17.808821911780882,0.0044366223004436624,17.508381096571863,929.7142857142857,0.8255758585798464
BAJAJ-AUTO,Bajaj Auto Ltd,2022,20.650390167118793,0.004119360996684417,18.60310755770101,881.1111111111111,0.9440061519182023
BAJAJ-AUTO,Bajaj Auto Ltd,2023,20.638921054424088,0.004223145562291397,16.62323412426279,204.2,1.037539845173042
BAJAJ-AUTO,Bajaj Auto Ltd,2024,24.881371251492947,0.16930824106652895,17.178515712057056,174.41666666666666,0.978796736617076
BEL,Bharat Electronics Ltd,2019,3851.020408163265,0.9591836734693877,15.512989148306477,186.375,96.53968253968254
BEL,Bharat Electronics Ltd,2020,3318.181818181818,0.8,14.073103022825418,357.25,106.29508196721312
BEL,Bharat Electronics Ltd,2021,3559.322033898305,0.8305084745762712,14.88411652136934,333.9,92.82236842105263
BEL,Bharat Electronics Ltd,2022,3478.260869565217,0.8405797101449275,15.616866215512754,397.3333333333333,94.28220858895706
BEL,Bharat Electronics Ltd,2023,3981.333333333333,0.52,16.837712867937295,230.05263157894737,123.15277777777777
BEL,Bharat Electronics Ltd,2024,4379.120879120879,0.8571428571428571,19.661535425300965,476.75,90.08
BHEL,Bharat Heavy Electricals Limited,2013,21.90906412648532,0.08831712985695113,13.686276915526655,82.9296875,0.6809295719735999
BOSCHLTD,Bosch Ltd,2012,17.19002332675399,0.041270410909743406,11.063633213996997,286.5,1.0957985320172108
BOSCHLTD,Bosch Ltd,2015,18.211514904042467,0.015108207431604737,11.070660268078768,179.85714285714286,1.1586616815262198
BOSCHLTD,Bosch Ltd,2016,16.056633455689564,0.005243838489774515,15.781878156891041,192.3846153846154,0.7802622054210568
BOSCHLTD,Bosch Ltd,2017,19.786339356745085,0.0,16.684235745088642,106.48148148148148,0.8843220338983051
BOSCHLTD,Bosch Ltd,2019,17.508491289580366,0.0,13.223003723624327,211.84615384615384,0.9508261211644374
BOSCHLTD,Bosch Ltd,2024,19.547809703250117,0.0024336630554247134,14.886112273569676,71.7843137254902,0.9031369796447276
BRITANNIA,Britannia Industries Ltd,2018,29.47739283617146,0.05901350557839107,10.127092999798265,208.375,1.9109483423284503
BRITANNIA,Britannia Industries Ltd,2019,27.157300728897248,0.03667999059487421,10.44776119402985,215.33333333333334,1.7722026290477717
BRITANNIA,Britannia Industries Ltd,2020,31.66023166023166,0.3493072904837611,12.017241379310345,27.350649350649352,1.4814814814814814
BRITANNIA,Britannia Industries Ltd,2021,52.17023675310034,0.5980834272829764,14.091047503045068,25.423423423423422,1.642
BRITANNIA,Britannia Industries Ltd,2022,59.26505082095387,0.9698983580922595,10.724391624221845,16.82638888888889,1.8780390593862097
BRITANNIA,Britannia Industries Ltd,2023,65.53480475382003,0.8480475382003395,14.207717317955954,20.284023668639055,1.743236017538231
BRITANNIA,Britannia Industries Ltd,2024,66.47975077881621,0.8579439252336448,12.725863199952292,20.597560975609756,1.7713108693355868
CIPLA,Cipla Ltd,2013,17.130502272979268,0.10721809513249805,18.661674115231307,24.86530612244898,0.7101561159718648
COALINDIA,Coal India Ltd,2013,35.80623865324311,0.026922759531275788,25.41030408620412,5.740630712979891,0.6154365983979528
COALINDIA,Coal India Ltd,2014,35.63814734459013,0.0041977171964908975,21.402673917969636,7.374389733575115,0.6728544473879815
COALINDIA,Coal India Ltd,2015,34.01729735087849,0.010110772433276337,18.519967620075555,8.645357686453577,0.6661453980065968
COALINDIA,Coal India Ltd,2016,40.95828668216921,0.034421382022794475,18.323679377351947,9.963125105236571,0.6856375484325467
COALINDIA,Coal India Ltd,2017,37.84974304592544,0.12293009217717596,11.872473261347935,12.364936042136945,0.6591278976616324
COALINDIA,Coal India Ltd,2019,66.01398601398601,0.08353808353808354,17.536601530335588,12.787795680493657,0.7486487096022433
COALINDIA,Coal India Ltd,2020,51.93270516528283,0.20008085331343098,17.38134887593672,11.56455617628802,0.64044794027463
COALINDIA,Coal India Ltd,2021,34.78284681526918,0.16112602004490936,14.109257325661476,19.085783003741316,0.5589906302972351
COALINDIA,Coal India Ltd,2022,40.27999907285075,0.08145006142363767,15.839219796746114,21.99120538023797,0.6114436344992086
COALINDIA,Coal India Ltd,2023,52.13911214108443,0.07118320924346268,22.94578016954547,14.33719512195122,0.6244557263907207
COALINDIA,Coal India Ltd,2024,38.84632576899488,0.0812499350291589,26.25628846856468,11.24178180085755,0.5707594271712672
DABUR,Dabur India Ltd,2013,36.563245823389025,0.5494033412887828,12.47557003257329,18.508474576271187,1.3038861754087916
DABUR,Dabur India Ltd,2014,34.48795180722892,0.26656626506024095,12.978180787758573,23.85185185185185,1.3286897590361446
DABUR,Dabur India Ltd,2015,31.84257602862254,0.21884317233154443,13.701090442591404,36.85,1.2766131673763512
DABUR,Dabur India Ltd,2016,30.064732678014867,0.19299928074802206,16.118251928020566,36.145833333333336,1.122331217541835
DABUR,Dabur India Ltd,2017,26.408087476789767,0.20115535382710956,16.811137378513266,33.48148148148148,0.9847387480600104
DABUR,Dabur India Ltd,2018,23.79950928846828,0.16438836312653346,17.586117586117584,36.0,0.8873822109859802
DABUR,Dabur India Ltd,2019,25.67471590909091,0.12411221590909091,16.981796829125074,32.7,1.0092449922958397
DABUR,Dabur India Ltd,2020,21.91946715107478,0.07901907356948229,16.672423719055843,39.94,0.9301702902431188
DABUR,Dabur India Ltd,2021,22.116388308977037,0.06641440501043841,17.72641706755909,75.06451612903226,0.8826733130250162
DABUR,Dabur India Ltd,2022,20.782629444046766,0.12288236697685516,15.997795940857745,65.64102564102564,0.8864376424617388
DABUR,Dabur India Ltd,2023,18.956870611835505,0.13083695531037556,14.752818733738074,33.42307692307692,0.8445648989159098
DABUR,Dabur India Ltd,2024,17.477320980505695,0.1690793283149971,14.600128990648178,23.241935483870968,0.7575887131252672
DIVISLAB,Divis Laboratories Ltd,2013,24.070371851259495,0.013194722111155539,28.065268065268068,287.0,0.6833386428798981
DIVISLAB,Divis Laboratories Ltd,2014,26.07962213225371,0.006072874493927126,30.529225908372826,362.0,0.6824797843665769
DIVISLAB,Divis Laboratories Ltd,2015,24.37070938215103,0.007723112128146453,27.351524879614768,403.6666666666667,0.7071509648127128
DIVISLAB,Divis Laboratories Ltd,2016,26.22874446773818,0.009783368273934312,29.81991525423729,303.2,0.7709269089424254
DIVISLAB,Divis Laboratories Ltd,2017,19.787194325182007,0.006720179204778794,26.08267716535433,507.3333333333333,0.6602761982128351
DIVISLAB,Divis Laboratories Ltd,2019,19.448037947391118,0.015236452493891045,27.355438738374442,405.6,0.6154803384768541
DIVISLAB,Divis Laboratories Ltd,2020,18.83720930232558,0.00533515731874145,25.528364849833146,287.42857142857144,0.6322822646817489
DIVISLAB,Divis Laboratories Ltd,2021,21.34480903711673,0.0005379236148466917,28.46893384990673,1462.0,0.6470151332281125
DIVISLAB,Divis Laboratories Ltd,2022,25.2387448840382,0.00034106412005457026,33.035714285714285,1998.5,0.6706586826347305
DRREDDY,Dr Reddys Laboratories Ltd,2013,23.97550635892605,0.5781127335531481,12.904588861658075,28.15,0.8843796711509716
DRREDDY,Dr Reddys Laboratories Ltd,2014,24.958677685950413,0.5692307692307692,14.632873648900485,26.937007874015748,0.84339243052936
DRREDDY,Dr Reddys Laboratories Ltd,2015,23.708515173043743,0.4378361920227342,15.549490780802769,34.888888888888886,0.8139459283740587
DRREDDY,Dr Reddys Laboratories Ltd,2016,16.95441164770467,0.2666878828864667,13.688335046248715,46.74698795180723,0.7657648794884407
DRREDDY,Dr Reddys Laboratories Ltd,2023,19.35497723954307,0.05784591600103066,18.269152817186868,52.03496503496503,0.7659349871154025
DRREDDY,Dr Reddys Laboratories Ltd,2024,18.140427330970113,0.15785879215584248,19.913605369319196,51.707602339181285,0.5994478685156651
EICHERMOT,Eicher Motors Ltd,2016,36.627429509991785,0.006296194908294552,21.675036449052325,1008.0,1.2498481473982588
EICHERMOT,Eicher Motors Ltd,2017,31.18802619270346,0.02095416276894294,23.702545144319636,647.5,1.003424168925667
EICHERMOT,Eicher Motors Ltd,2018,27.880512091038405,0.021479374110953058,21.862799776910204,669.0,0.9415038857382902
EICHERMOT,Eicher Motors Ltd,2019,24.702848172235928,0.020968827091276072,22.486475451668877,515.0,0.8603670852726794
EICHERMOT,Eicher Motors Ltd,2020,18.30477908025248,0.024947400060114217,19.958488092637097,145.0,0.7352610441767068
EICHERMOT,Eicher Motors Ltd,2023,19.43962641761174,0.019212808539026016,20.177260767206757,155.5,0.7522658610271903
EICHERMOT,Eicher Motors Ltd,2024,21.081195005005533,0.021286685283734653,24.195694242864054,114.70588235294117,0.6782608695652174
GAIL,GAIL (India) Ltd,2020,19.31273849151579,0.14029390273605585,13.120880333158663,41.48220064724919,0.9677582939653562
GAIL,GAIL (India) Ltd,2022,19.19081635836167,0.14374395607823565,13.262908267758974,89.53465346534654,0.9605110577321295
GODREJCP,Godrej Consumer Products Ltd,2013,25.505584062782976,0.7413220645940235,13.178415470991892,13.666666666666666,0.8332683560753736
GODREJCP,Godrej Consumer Products Ltd,2014,21.695364238410598,0.6286092715231788,10.777733912356888,10.258333333333333,0.9133413461538461
GODREJCP,Godrej Consumer Products Ltd,2015,22.639758756668986,0.6302482022732545,11.797413272089932,12.964285714285714,0.9066301369863013
GODREJCP,Godrej Consumer Products Ltd,2017,24.669935873255376,0.7546208977744248,14.113077255071213,12.876623376623376,0.7162287480680062
GODREJCP,Godrej Consumer Products Ltd,2018,26.110578459571748,0.5605624800255673,16.593886462882097,13.68208092485549,0.7102567801500288
GODREJCP,Godrej Consumer Products Ltd,2019,32.22787945507087,0.4653914958029448,22.70700019391119,10.478991596638656,0.7318007662835249
GODREJCP,Godrej Consumer Products Ltd,2020,18.95416561154723,0.45264623955431754,15.104429421854505,9.587719298245615,0.6660618279569892
GODREJCP,Godrej Consumer Products Ltd,2021,18.23286365081047,0.1974785464561924,15.604315894460061,17.55072463768116,0.7742909295141814
GODREJCP,Godrej Consumer Products Ltd,2022,15.429214260989962,0.1474558670820353,14.524275008145976,20.385245901639344,0.7633378932968536
GRASIM,Grasim Industries Ltd,2013,19.219616421630974,0.48583201912804597,13.536851911569745,20.82716049382716,0.6325272533599257
HAL,Hindustan Aeronautics Ltd,2016,1664.9999999999998,0.15,11.92266380236305,679.3333333333334,95.2159090909091
HAL,Hindustan Aeronautics Ltd,2017,1966.9172932330828,0.015037593984962405,14.573816155988858,267.5,105.58823529411765
HAL,Hindustan Aeronautics Ltd,2018,1528.4615384615386,0.023076923076923078,10.729521032453155,120.6,111.56024096385542
HAL,Hindustan Aeronautics Ltd,2019,1763.9097744360904,0.06015037593984962,11.72530987604958,27.937853107344633,114.33142857142857
HAL,Hindustan Aeronautics Ltd,2020,2059.4202898550725,0.014492753623188406,13.252506411750991,14.749303621169917,123.95953757225433
HAL,Hindustan Aeronautics Ltd,2021,2249.3055555555557,0.041666666666666664,14.155231186085132,21.352059925093634,123.02150537634408
HAL,Hindustan Aeronautics Ltd,2022,3324.183006535948,0.0784313725490196,20.65800162469537,98.55384615384615,121.88118811881188
HAL,Hindustan Aeronautics Ltd,2023,3283.050847457627,0.2655367231638418,21.57976827094474,130.328125,99.36531365313652
HAL,Hindustan Aeronautics Ltd,2024,3669.0821256038644,0.5990338164251208,24.999177117277245,270.8837209302326,63.825630252100844
HAVELLS,Havells India Ltd,2016,42.94681202510737,0.04426825239511067,17.118777982617857,19.175824175824175,1.7310234784590837
HCLTECH,HCL Technologies Ltd,2013,30.689759951382555,0.07930720145852324,15.792971345920801,56.716981132075475,1.1420599133889906
HCLTECH,HCL Technologies Ltd,2014,33.39130434782609,0.05207161125319693,20.3086112493778,76.42105263157895,1.0721814543028685
HCLTECH,HCL Technologies Ltd,2015,30.30878467635403,0.026750330250990752,20.004904498515028,105.62637362637362,1.0413108242303872
HCLTECH,HCL Technologies Ltd,2016,20.451973275893543,0.03979409295023913,17.992034943473794,101.6891891891892,0.7914389568135024
HCLTECH,HCL Technologies Ltd,2017,26.119153843819237,0.01766366202312665,18.091994618230743,128.75280898876406,1.039465058345352
HCLTECH,HCL Technologies Ltd,2018,23.97075798383994,0.015308085527400648,17.24772093575115,180.81159420289856,1.0537623205317885
HCLTECH,HCL Technologies Ltd,2019,24.46453609244307,0.10141178745829908,16.747480430933194,85.45402298850574,1.035613292430033
HCLTECH,HCL Technologies Ltd,2020,21.56748005539626,0.15577271929311254,15.644631841077594,35.45544554455446,0.8533790555307357
HCLTECH,HCL Technologies Ltd,2021,18.64203094487006,0.11456612087526914,14.817124132716009,41.04696673189824,0.8760212442037492
HCLTECH,HCL Technologies Ltd,2022,21.841586717059148,0.10244855767677746,15.78849050215409,67.69905956112852,0.9632257846852824
HCLTECH,HCL Technologies Ltd,2023,22.697041510587876,0.07329714853604465,14.631958681595963,67.94900849858357,1.088
HCLTECH,HCL Technologies Ltd,2024,22.809437386569872,0.08407985480943739,14.293122742532729,46.46112115732369,1.1017411264697332
HEROMOTOCO,Hero MotoCorp Ltd,2016,35.22752999773602,0.026262168892913742,10.935797870471237,57.12351543942993,2.2066532258064515
HEROMOTOCO,Hero MotoCorp Ltd,2017,34.373788290034895,0.025300504071345483,12.394267738552953,28.965060240963854,1.8684691745036572
HEROMOTOCO,Hero MotoCorp Ltd,2018,31.089208152355496,0.019044437019712663,11.467126748413333,48.12056737588652,1.8657239753980572
HEROMOTOCO,Hero MotoCorp Ltd,2019,26.417682926829265,0.02378048780487805,10.202820052397634,39.08367071524966,1.8358733246865542
HEROMOTOCO,Hero MotoCorp Ltd,2020,25.39913924753575,0.031445231153685964,12.50769125589663,17.571827057182706,1.4869370743112738
HINDUNILVR,Hindustan Unilever Ltd,2013,133.99650959860384,0.008726003490401396,14.216412383350615,20.302760463045413,2.2332120410188554
HINDUNILVR,Hindustan Unilever Ltd,2014,111.84619734238055,0.013005371783997738,13.532188547581583,30.9229797979798,2.125490766322524
HINDUNILVR,Hindustan Unilever Ltd,2015,108.66650111745717,0.010677924012912838,13.68697610409108,21.312750601443465,2.2156618156618157
HINDUNILVR,Hindustan Unilever Ltd,2016,63.15228966986155,0.026928343222272933,12.896911700739452,54.10288065843621,2.175758804840127
HINDUNILVR,Hindustan Unilever Ltd,2017,66.57769869513642,0.041073546856465006,13.539593510644716,44.31188118811881,2.111422386349166
HINDUNILVR,Hindustan Unilever Ltd,2018,71.78958934212334,0.0,14.705303136868759,79.5099150141643,1.989978725786586
HINDUNILVR,Hindustan Unilever Ltd,2019,77.03063429515699,0.01258421253336723,15.41592470109387,94.57453416149069,2.1101508400880347
HINDUNILVR,Hindustan Unilever Ltd,2020,82.09989063069631,0.0,16.982128044642185,70.62971698113208,1.974048528755024
HINDUNILVR,Hindustan Unilever Ltd,2021,16.778537567646936,0.0,17.00901590541805,208.39411764705883,0.6841431480942682
HINDUNILVR,Hindustan Unilever Ltd,2022,18.12437577709382,0.02125924869040582,16.954581855622926,180.88584474885846,0.7438515870989703
HINDUNILVR,Hindustan Unilever Ltd,2023,20.16340648854962,0.024232665394402036,16.743149554308353,103.69642857142857,0.8289886010646305
HINDUNILVR,Hindustan Unilever Ltd,2024,20.249724279187017,0.03251536158815188,16.611735814915342,57.847001223990205,0.7663715718442394
INDIGO,Interglobe Aviation Ltd,2016,1534.775888717156,0.061823802163833076,12.304832713754648,25.23495145631068,82.34693877551021
INDIGO,Interglobe Aviation Ltd,2024,856.9779643231899,0.02098635886673662,11.852722628584697,22.612639724849526,55.61259079903148
INFY,Infosys Ltd,2013,24.81707638048113,0.0,23.366871530531323,2780.6,0.8720043219881145
INFY,Infosys Ltd,2014,23.92993487536492,0.0,21.255460475136136,1783.7777777777778,0.8800512586455078
INFY,Infosys Ltd,2015,24.385052034058656,0.0,23.20373600405109,1526.0833333333333,0.804341595136448
INFY,Infosys Ltd,2020,25.422459893048128,0.0707868601986249,18.32670639160269,147.47058823529412,0.98900871459695
INFY,Infosys Ltd,2021,25.43909051616875,0.06974368377624393,19.331754120550997,154.30769230769232,0.9345276297309113
INFY,Infosys Ltd,2022,29.39084273390843,0.07264764432647644,18.20603250548746,168.93,1.0420803742000702
INFY,Infosys Ltd,2023,31.970506716883047,0.11005609558794277,16.426035825492104,133.20774647887325,1.1779431121384314
INFY,Infosys Ltd,2024,29.015177475874115,0.09732155687960824,17.08075746730006,87.52340425531915,1.0831747374356806
IRCTC,Indian Railway Catering & Tourism Corporation Ltd,2017,29.09783989834816,0.0,15.06578947368421,127.0,0.8324205914567361
IRCTC,Indian Railway Catering & Tourism Corporation Ltd,2018,23.141361256544503,0.0,15.075034106412005,124.33333333333333,0.6321690383786115
IRCTC,Indian Railway Catering & Tourism Corporation Ltd,2019,28.851540616246496,0.0,16.524064171122994,254.5,0.7208943716268311
IRCTC,Indian Railway Catering & Tourism Corporation Ltd,2020,39.04109589041096,0.0,22.659010600706715,78.0,0.6985498302992903
IRCTC,Indian Railway Catering & Tourism Corporation Ltd,2023,40.597255851493145,0.03389830508474576,28.410053657158997,89.0,0.6958145018667715
IRCTC,Indian Railway Catering & Tourism Corporation Ltd,2024,31.535623048538174,0.011921657678115243,26.01873536299766,82.73684210526316,0.6279411764705882
ITC,ITC Ltd,2013,33.26712151308403,0.0044045254339753,24.36586754380416,111.78703703703704,0.8949588157038127
ITC,ITC Ltd,2014,33.04695818188493,0.00888497264750156,25.49425026907608,484.3448275862069,0.8643262828045437
ITC,ITC Ltd,2015,30.813587093521555,0.008476178472397277,25.192570265605273,170.12087912087912,0.844729282729805
ITC,ITC Ltd,2016,22.261012183692596,0.0019681349578256793,24.242192284139623,205.30769230769232,0.7587849218795377
ITC,ITC Ltd,2017,22.57341693060134,0.0009911016310085537,24.497287691732136,351.61224489795916,0.7651078750581416
ITC,ITC Ltd,2018,21.88725956960579,0.0006855836983431727,26.45170199544293,163.1391304347826,0.6763437679986302
ITC,ITC Ltd,2019,21.70406317106576,0.00021981366564650582,26.553578816714936,290.38028169014086,0.6738315281785361
ITC,ITC Ltd,2020,23.88889740015014,0.004243714859130115,31.57244674819794,268.65432098765433,0.6388224185432863
ITC,ITC Ltd,2021,22.17674449434106,0.004490695477819941,27.16974237164261,338.6551724137931,0.6677919225607029
ITC,ITC Ltd,2022,24.822672324073334,0.003986870546793691,25.563525434908072,375.55,0.7855976993626613
ITC,ITC Ltd,2023,28.16426867182416,0.004424842744559323,27.463726222873987,356.43589743589746,0.8262632382239518
ITC,ITC Ltd,2024,27.57021762814551,0.004039008317168443,29.282025230717128,362.9625,0.7533246165130593
JINDALSTEL,Jindal Steel & Power Ltd,2022,18.992280701754385,0.37900350877192984,13.223625063518742,7.243114406779661,0.6675799801680496
LTIM,LTIMindtree Ltd,2013,41.97162061239731,0.17475728155339806,14.593612048818489,42.476190476190474,1.654209621993127
LTIM,LTIMindtree Ltd,2014,61.86335403726708,0.06832298136645963,20.243902439024392,44.0,1.8454613653413354
LTIM,LTIMindtree Ltd,2015,37.95656465942744,0.10760118460019744,15.447971072719968,110.4,1.671591672263264
LTIM,LTIMindtree Ltd,2016,39.34117647058824,0.02588235294117647,14.300376325692781,202.5,1.8635639145680587
LTIM,LTIMindtree Ltd,2017,30.884223918575067,0.0,14.936163667128133,472.3333333333333,1.4718134480416571
LTIM,LTIMindtree Ltd,2018,28.808290155440414,0.0,15.22036682179031,100.8125,1.3689338579726438
LTIM,LTIMindtree Ltd,2019,30.983036991620683,0.0,16.049121321194157,198.63636363636363,1.4174669867947178
LTIM,LTIMindtree Ltd,2020,28.127313101406365,0.1687638786084382,13.971872414744002,28.40963855421687,1.2341463414634146
LTIM,LTIMindtree Ltd,2021,26.533406352683457,0.1092552026286966,15.666936135812449,37.962025316455694,1.1554268634410612
LTIM,LTIMindtree Ltd,2022,27.645576707726764,0.018057110862262037,15.128882760733847,48.90243902439025,1.2691522457709508
LTIM,LTIMindtree Ltd,2023,26.57907425265188,0.09287608486017358,13.289937618660158,44.43333333333333,1.4131851284016865
LTIM,LTIMindtree Ltd,2024,21.755634638196916,0.11036773428232503,12.90931103415266,31.93243243243243,1.2349014290184626
MARUTI,Maruti Suzuki India Ltd,2017,20.258934592043158,0.013054619015509103,11.031798487185137,144.04494382022472,1.3103348729792148
NESTLEIND,Nestle India Ltd,2013,47.170608108108105,0.5021114864864865,12.27337655202725,55.270270270270274,1.441400063351283
NESTLEIND,Nestle India Ltd,2014,41.76947479732112,0.007049700387733521,12.02435312024353,151.85714285714286,1.693298969072165
NESTLEIND,Nestle India Ltd,2016,30.499695307739184,0.010054844606946984,10.95066185318893,21.86813186813187,1.3422907488986784
NESTLEIND,Nestle India Ltd,2017,35.8187134502924,0.01023391812865497,12.237762237762238,24.717391304347824,1.3595002037213093
NESTLEIND,Nestle India Ltd,2018,43.75170160631636,0.00952899537163082,14.231314204746722,25.6875,1.3961424332344214
NESTLEIND,Nestle India Ltd,2019,102.60688216892598,0.09854014598540146,15.910744603444094,24.5968992248062,1.7243831033040569
NESTLEIND,Nestle India Ltd,2020,103.12035661218424,0.07280832095096583,15.595505617977528,20.414634146341463,1.6898734177215189
NESTLEIND,Nestle India Ltd,2021,108.83864337101747,0.1366906474820144,14.368089003459739,17.07920792079208,1.790259897983969
NESTLEIND,Nestle India Ltd,2022,97.23464823098821,0.11020740138267589,14.150440906669823,24.6,1.8818353936964027
NESTLEIND,Nestle India Ltd,2023,121.96014640097602,0.11020740138267589,15.680225870542715,38.54621848739496,2.130081300813008
NESTLEIND,Nestle India Ltd,2024,98.57142857142858,0.09273182957393483,16.12281708616873,41.186206896551724,2.196074900972272
ONGC,Oil & Natural Gas Corpn Ltd,2013,15.730882198678275,0.1356210007342914,14.812574081390755,101.21694214876032,0.6391817665256645
ONGC,Oil & Natural Gas Corpn Ltd,2014,15.489218829871277,0.285288582183187,15.314063208917936,90.22435897435898,0.5357964895869234
ONGC,Oil & Natural Gas Corpn Ltd,2017,15.005710287777926,0.41170145998168595,10.325090440557014,18.247841826789195,0.6355233113998088
ONGC,Oil & Natural Gas Corpn Ltd,2022,18.995541477362497,0.4700754904567577,10.03448374134344,15.216116573033707,0.8422418818365738
PIDILITIND,Pidilite Industries Ltd,2013,25.681405208964264,0.06723198061780739,11.52800435019032,41.5625,1.4059633027522935
PIDILITIND,Pidilite Industries Ltd,2014,23.05327868852459,0.0235655737704918,10.506654214335747,44.375,1.462773224043716
PIDILITIND,Pidilite Industries Ltd,2015,22.643171806167402,0.02555066079295154,10.611065235342693,50.6875,1.461236802413273
PIDILITIND,Pidilite Industries Ltd,2016,30.591357088703564,0.030326004548900682,15.05316172355904,96.46153846153847,1.4434571890145396
PIDILITIND,Pidilite Industries Ltd,2017,24.863151829443964,0.028233938346297897,15.364073348762686,98.35714285714286,1.1775681341719078
PIDILITIND,Pidilite Industries Ltd,2018,27.028539451594852,0.03497481813094572,15.893385982230997,93.375,1.169070975187536
PIDILITIND,Pidilite Industries Ltd,2019,22.372227579556416,0.027242044358727097,13.111048318734106,57.73076923076923,1.1988482384823849
PIDILITIND,Pidilite Industries Ltd,2020,25.179533213644522,0.06463195691202872,15.382506169454347,49.205882352941174,1.11819714855128
PIDILITIND,Pidilite Industries Ltd,2021,20.132308242445916,0.059181119256213124,15.439462498286026,47.567567567567565,0.827433628318584
PIDILITIND,Pidilite Industries Ltd,2022,18.847595252966894,0.06495940037476577,12.166112287067836,45.11904761904762,1.044975774173162
PIDILITIND,Pidilite Industries Ltd,2023,17.872989462007766,0.05421519689406545,10.924654631748453,42.520833333333336,1.1231794383626845
PIDILITIND,Pidilite Industries Ltd,2024,20.04589787722318,0.04348823866896156,14.108051360736493,54.333333333333336,0.9708349666797335
SHREECEM,Shree Cement Ltd,2013,26.11862643080125,0.3350676378772112,18.530823181985973,9.05699481865285,0.8795454545454545
SHREECEM,Shree Cement Ltd,2014,16.705582678836763,0.25472298874973465,13.770778652668417,11.581395348837209,0.7797789602947196
SHREECEM,Shree Cement Ltd,2016,16.695880806310253,0.1286882851300029,20.729053318824807,27.36842105263158,0.5826904787065412
SHREECEM,Shree Cement Ltd,2017,17.394128345024683,0.16796570537802027,15.580637654177332,22.286821705426355,0.769657890023285
SHREECEM,Shree Cement Ltd,2018,15.55580532763853,0.3824884792626728,14.075053391640393,21.2,0.649385814291375
SHREECEM,Shree Cement Ltd,2021,15.17828148340586,0.14483340910566994,17.234513274336283,17.99601593625498,0.6303165527820388
SIEMENS,Siemens Ltd,2015,22.94313074066836,0.004885675200312683,11.114266780270757,64.7,0.9987708018154312
SIEMENS,Siemens Ltd,2016,42.83404380420402,0.003674849331177422,26.889360524130296,379.72727272727275,0.9041381611880527
SIEMENS,Siemens Ltd,2024,17.698769290877124,0.018167610861496385,12.221223021582734,67.15,0.8790861298865568
SUNPHARMA,Sun Pharmaceuticals Industries Ltd,2013,23.142094729819878,0.01734489659773182,31.165214266463032,109.16279069767442,0.5462531285272612
SUNPHARMA,Sun Pharmaceuticals Industries Ltd,2014,20.939271255060728,0.13824561403508773,24.12313432835821,114.43181818181819,0.5526722804605603
SUNPHARMA,Sun Pharmaceuticals Industries Ltd,2015,21.358920352601608,0.35088540447772837,19.99123831775701,14.122625215889464,0.5621985509923445
SUNPHARMA,Sun Pharmaceuticals Industries Ltd,2016,17.154291604766094,0.25761756056150137,19.861691297784954,15.548757170172085,0.5139460200620625
SUNPHARMA,Sun Pharmaceuticals Industries Ltd,2017,21.413755458515286,0.2683406113537118,24.846412059028438,26.78,0.5168671740731647
SUNPHARMA,Sun Pharmaceuticals Industries Ltd,2023,15.20314313778016,0.12297526564871863,19.39798569019733,70.40116279069767,0.5437357518089008
TATASTEEL,Tata Steel Ltd,2022,36.48016916718366,0.6602500808262629,17.113121467131773,11.861955327718784,0.8638101847589778
TCS,Tata Consultancy Services Ltd,2013,36.51740777253152,0.008613085663882115,22.346758957913288,400.375,1.2129130401294
TCS,Tata Consultancy Services Ltd,2014,39.29667649151337,0.006037198902327472,23.630651884267014,686.9230769230769,1.224154184560595
TCS,Tata Consultancy Services Ltd,2015,39.616865804285574,0.007070208353905401,21.194320006761895,271.1730769230769,1.2909244660247143
TCS,Tata Consultancy Services Ltd,2016,34.2441467807294,0.0034472084646555608,22.401192864900686,1023.060606060606,1.23054444960415
TCS,Tata Consultancy Services Ltd,2017,30.571600900085834,0.003352123785000116,22.342878456504415,1141.625,1.152765969921726
TCS,Tata Consultancy Services Ltd,2018,30.401278075368854,0.002901513015694014,21.02287496750715,695.3461538461538,1.1710138310218214
TCS,Tata Consultancy Services Ltd,2019,35.28609440332715,0.000693155646982537,21.549469831971216,221.2979797979798,1.2858798430215714
TCS,Tata Consultancy Services Ltd,2020,38.56952666238737,0.09716377814231035,20.673594607165384,50.54220779220779,1.3065255937466183
TCS,Tata Consultancy Services Ltd,2021,37.67311096456215,0.09018546157139055,19.833472410873632,76.0784929356358,1.2629777217059512
TCS,Tata Consultancy Services Ltd,2022,43.13375739014349,0.08770571803587655,20.051211448001087,72.79974489795919,1.3606908688371038
TCS,Tata Consultancy Services Ltd,2023,46.7829337344068,0.08502167566132886,18.763139919630266,80.49807445442876,1.5781854835887132
TCS,Tata Consultancy Services Ltd,2024,45.4199714271639,0.08912754322873048,19.136712150207767,87.09511568123393,1.4950783247685013
TECHM,Tech Mahindra Ltd,2013,24.087725764835973,0.25433099889421307,19.01644114651535,12.436893203883495,0.765026714158504
TECHM,Tech Mahindra Ltd,2014,33.34785449793073,0.03953387061642344,16.28550154238911,55.2,1.1795483061480552
TECHM,Tech Mahindra Ltd,2015,21.70966688438929,0.057152188112344876,11.754564342867248,62.30434782608695,1.1397118097541314
TECHM,Tech Mahindra Ltd,2016,20.745665136042764,0.07477211979987664,11.425228353589493,48.58762886597938,1.176204217536071
TECHM,Tech Mahindra Ltd,2018,20.092341983760548,0.12720904314599585,12.302992883371786,37.82098765432099,1.0112385396470704
TECHM,Tech Mahindra Ltd,2019,21.143702243036728,0.09839783090953907,12.345288123884636,51.16541353383459,1.0387490282843987
TECHM,Tech Mahindra Ltd,2020,17.865493054600467,0.16824829230275523,10.570142128675274,34.869791666666664,0.9879414759633421
TECHM,Tech Mahindra Ltd,2021,17.506535290569072,0.11667001809772773,11.499141460837405,43.58620689655172,0.9558860663602848
TECHM,Tech Mahindra Ltd,2022,20.940266309603512,0.09737409804359146,12.610312234018725,56.04294478527607,1.0051783141210375
TORNTPHARM,Torrent Pharmaceuticals Ltd,2013,30.590717299578056,0.4873417721518987,13.581017795816422,20.529411764705884,0.8534505728750333
TORNTPHARM,Torrent Pharmaceuticals Ltd,2014,34.8922753547031,0.5948502364687336,15.915627996164908,16.76271186440678,0.8307447232178415
TORNTPHARM,Torrent Pharmaceuticals Ltd,2016,49.59931310818546,0.6731539782484258,25.915956333183786,15.027173913043478,0.7525320729237002
TORNTPHARM,Torrent Pharmaceuticals Ltd,2017,21.466329579407034,0.5768788784187543,16.059147180192575,7.766990291262136,0.6057702322674722
TORNTPHARM,Torrent Pharmaceuticals Ltd,2021,21.44570058239123,0.8348749571771155,15.640224859462837,7.186968838526912,0.5687388987566607
TORNTPHARM,Torrent Pharmaceuticals Ltd,2023,20.087124878993222,0.8662471765085511,12.941787941787942,8.66966966966967,0.6584531143052703
TORNTPHARM,Torrent Pharmaceuticals Ltd,2024,22.068230277185503,0.4168443496801706,15.436241610738255,9.926553672316384,0.7110286320254506
TRENT,Trent Ltd,2024,31.55982905982906,0.3935897435897436,11.935353535353535,8.043478260869565,1.4956490210297317
ULTRACEMCO,ULTRACEMCO,2013,17.650535163175523,0.4821065073215576,13.10324656332261,20.408730158730158,0.6934622405516868
UNITDSPR,UNITDSPR,2023,18.76979496582764,0.030505084180696782,10.610629476064833,16.01923076923077,1.0922190201729107
UNITDSPR,UNITDSPR,2024,18.448637316561843,0.06787211740041929,12.437063863616288,29.05263157894737,0.9469677959012965
VEDL,VEDL,2018,21.6262319939348,0.9186094263330806,14.904317157599111,6.057120500782473,0.5093282030526648
VEDL,VEDL,2022,36.26324885673646,0.8195249529694263,17.863062411475756,9.726078799249532,0.6843725347646522
WIPRO,WIPRO,2013,23.272097575666315,0.240212317422075,16.516163505209725,31.47750865051903,0.858072946516586
WIPRO,WIPRO,2014,24.871611316878834,0.16057144635687384,18.40226602800295,30.174934725848566,0.876668079865948
WIPRO,WIPRO,2015,23.492936482260326,0.2127412919227866,18.559775084662732,36.425714285714285,0.8046443873179092
WIPRO,WIPRO,2016,19.410553689457146,0.2713620110521183,17.47911950667395,24.27956989247312,0.7157982958513759
WIPRO,WIPRO,2017,16.485388039481325,0.27561447648538806,15.362141105179628,23.474747474747474,0.7047996745983324
WIPRO,WIPRO,2018,16.69831201619129,0.29004527719239676,14.687907207223741,22.19039451114923,0.7227255242668224
WIPRO,WIPRO,2019,15.98284387572444,0.176293355546497,15.27982514105627,19.27777777777778,0.7146368633908895
WIPRO,WIPRO,2020,17.663858862658614,0.17577094103611582,15.983512708953516,20.559345156889496,0.7547901234567901
WIPRO,WIPRO,2021,19.795632137848127,0.190360831314548,17.547428755953824,33.7426326129666,0.7501271709904803
WIPRO,WIPRO,2022,18.719324801614604,0.2689937770438665,15.436503933830947,35.24624060150376,0.7393265968156904
ZYDUSLIFE,ZYDUSLIFE,2013,23.4375,0.9911684782608695,10.85246932997798,6.875739644970414,0.8622186059126661
ZYDUSLIFE,ZYDUSLIFE,2014,24.30939226519337,0.7851119511485897,11.572535991140642,13.7,0.9045830202854996
ZYDUSLIFE,ZYDUSLIFE,2015,27.946365561044463,0.6236179722418255,13.732516472084152,26.485294117647058,0.9562285840610147
ZYDUSLIFE,ZYDUSLIFE,2016,34.462186348482184,0.4284962274083173,20.83377532619073,46.113207547169814,0.9108212560386474
ZYDUSLIFE,ZYDUSLIFE,2017,21.79597701149425,0.7481321839080459,16.179607508532424,45.08888888888889,0.6207627118644068
ZYDUSLIFE,ZYDUSLIFE,2018,20.699908508691674,0.6183668801463861,15.203695926081478,32.32967032967033,0.6694595962436034
ZYDUSLIFE,ZYDUSLIFE,2019,18.284228769497403,0.7605430387059503,14.42351511468935,16.36082474226804,0.5667427144763463
ZYDUSLIFE,ZYDUSLIFE,2021,16.81804187192118,0.35467980295566504,15.169397389613994,19.87421383647799,0.6061014096360193
ZYDUSLIFE,ZYDUSLIFE,2022,27.166303900229426,0.24830872404259074,30.562541363335537,46.63779527559055,0.5466319369076044
ZYDUSLIFE,ZYDUSLIFE,2024,18.20389461626575,0.00870561282932417,20.32536962193687,70.08641975308642,0.6216052916110157
