sector_rank,company_id,company_name,broad_sector,year,return_on_equity_pct,sector_avg_roe,roe_vs_sector_pct,net_profit_margin_pct,sector_avg_npm,npm_vs_sector_pct,debt_to_equity,sector_avg_de,de_vs_sector,revenue_cagr_5yr,sector_avg_revenue_cagr,revenue_cagr_vs_sector_pct,interest_coverage,sector_avg_icr,icr_vs_sector,sector_relative_score
1,BAJAJHLDNG,Bajaj Holdings & Investment Ltd,Unknown,2024,12.311318389248282,109.25197692781899,-96.9406585385707,432.7262044653349,19.31474558300852,413.4114588823264,0.0007856510037945271,1.6835835158617052,-1.6827978648579107,31.612293448969165,13.390495395696064,18.2217980532731,3764.5,117.53593342333016,3646.9640665766697,4
1,BEL,Bharat Electronics Ltd,Unknown,2024,4379.120879120879,109.25197692781899,4269.86890219306,19.661535425300965,19.31474558300852,0.3467898422924449,0.8571428571428571,1.6835835158617052,-0.8264406587188481,10.7508063318833,13.390495395696064,-2.6396890638127637,476.75,117.53593342333016,359.21406657666984,4
1,HAL,Hindustan Aeronautics Ltd,Unknown,2024,3669.0821256038644,109.25197692781899,3559.8301486760456,24.999177117277245,19.31474558300852,5.684431534268725,0.5990338164251208,1.6835835158617052,-1.0845496994365844,8.712548590236358,13.390495395696064,-4.677946805459706,270.8837209302326,117.53593342333016,153.34778750690242,4
2,ABB,Abbott India Ltd,Unknown,2024,34.10962794660608,109.25197692781899,-75.1423489812129,20.533424517011454,19.31474558300852,1.2186789340029343,0.017040613462084634,1.6835835158617052,-1.6665429023996206,9.716101277290168,13.390495395696064,-3.674394118405896,141.75,117.53593342333016,24.214066576669836,3
2,ADANIPORTS,Adani Ports & Special Economic Zone Ltd,Unknown,2024,14.173779208059326,109.25197692781899,-95.07819771975966,30.339560480700833,19.31474558300852,11.024814897692313,0.882975374282916,1.6835835158617052,-0.8006081415787892,19.57867595245697,13.390495395696064,6.188180556760905,5.949506037321624,117.53593342333016,-111.58642738600854,3
2,ADANIPOWER,Adani Power Ltd,Unknown,2024,37.22522071701755,109.25197692781899,-72.02675621080144,41.36759945184802,19.31474558300852,22.052853868839502,0.6738570969010258,1.6835835158617052,-1.0097264189606794,16.086096410440966,13.390495395696064,2.695601014744902,8.297225501770956,117.53593342333016,-109.23870792155921,3
2,BAJFINANCE,Bajaj Finance Ltd,Unknown,2024,16.648042118359964,109.25197692781899,-92.60393480945902,26.287928399912687,19.31474558300852,6.973182816904167,3.7351013213829014,1.6835835158617052,2.051517805521196,24.352642739542006,13.390495395696064,10.962147343845942,2689.1666666666665,117.53593342333016,2571.630733243336,3
2,DIVISLAB,Divis Laboratories Ltd,Unknown,2024,11.66435809579354,109.25197692781899,-97.58761883202544,20.395156150414277,19.31474558300852,1.0804105674057567,0.000583217904789677,1.6835835158617052,-1.6830002979569154,9.664930361854074,13.390495395696064,-3.72556503384199,636.25,117.53593342333016,518.7140665766699,3
2,HDFCLIFE,HDFC Life Insurance Company Ltd,Unknown,2024,10.087157139195078,109.25197692781899,-99.1648197886239,1.5510139729213062,19.31474558300852,-17.763731610087213,0.060881825173032554,1.6835835158617052,-1.6227016906886726,21.16813430936688,13.390495395696064,7.777638913670817,192.2895238095238,117.53593342333016,74.75359038619365,3
2,INDIGO,Interglobe Aviation Ltd,Unknown,2024,856.9779643231899,109.25197692781899,747.7259873953709,11.852722628584697,19.31474558300852,-7.462022954423823,0.02098635886673662,1.6835835158617052,-1.6625971569949685,19.313355125806165,13.390495395696064,5.922859730110101,22.612639724849526,117.53593342333016,-94.92329369848063,3
2,IRCTC,Indian Railway Catering & Tourism Corporation Ltd,Unknown,2024,31.535623048538174,109.25197692781899,-77.71635387928082,26.01873536299766,19.31474558300852,6.70398977998914,0.011921657678115243,1.6835835158617052,-1.67166185818359,17.955244103890912,13.390495395696064,4.564748708194848,82.73684210526316,117.53593342333016,-34.799091318067,3
2,ITC,ITC Ltd,Unknown,2024,27.57021762814551,109.25197692781899,-81.68175929967347,29.282025230717128,19.31474558300852,9.967279647708608,0.004039008317168443,1.6835835158617052,-1.6795445075445368,7.950896846254429,13.390495395696064,-5.439598549441635,362.9625,117.53593342333016,245.4265665766698,3
2,JIOFIN,Jio Financial Services Ltd,Unknown,2024,1.1703027474771044,109.25197692781899,-108.08167418034188,86.52291105121293,19.31474558300852,67.20816546820441,0.0,1.6835835158617052,-1.6835835158617052,,13.390495395696064,,198.8,117.53593342333016,81.26406657666985,3
2,NAUKRI,Info Edge (India) Ltd,Unknown,2024,1.423853737915191,109.25197692781899,-107.82812318990379,23.462145110410095,19.31474558300852,4.147399527401575,0.006126160620273763,1.6835835158617052,-1.6774573552414314,17.115610089960743,13.390495395696064,3.725114694264679,28.97142857142857,117.53593342333016,-88.56450485190159,3
2,SBILIFE,SBI Life Insurance Company Ltd,Unknown,2024,11.648932898702258,109.25197692781899,-97.60304402911673,1.4349789374791648,19.31474558300852,-17.879766645529354,0.0,1.6835835158617052,-1.6835835158617052,24.231614182367544,13.390495395696064,10.84111878667148,240.33333333333334,117.53593342333016,122.79739991000318,3
3,APOLLOHOSP,Apollo Hospitals Chain of Indian private hospitals,Unknown,2024,12.465004666044527,109.25197692781899,-96.78697226177447,4.905818773282963,19.31474558300852,-14.408926809725557,0.9826689774696707,1.6835835158617052,-0.7009145383920344,14.660042602193135,13.390495395696064,1.2695472064970712,5.565701559020044,117.53593342333016,-111.97023186431012,2
3,ATGL,Adani Total Gas Ltd,Unknown,2024,17.08003068268985,109.25197692781899,-92.17194624512913,14.927374301675977,19.31474558300852,-4.387371281332543,0.3725389925850166,1.6835835158617052,-1.3110445232766885,21.08864867789759,13.390495395696064,7.6981532822015275,10.504504504504505,117.53593342333016,-107.03142891882565,2
3,AXISBANK,Axis Bank Ltd,Unknown,2024,15.832712405189048,109.25197692781899,-93.41926452262994,22.73130411725443,19.31474558300852,3.4165585342459117,8.249122739980766,1.6835835158617052,6.565539224119061,14.743587120514379,13.390495395696064,1.3530917248183147,1.691203992514036,117.53593342333016,-115.84472943081613,2
3,BAJAJ-AUTO,Bajaj Auto Ltd,Unknown,2024,24.881371251492947,109.25197692781899,-84.37060567632604,17.178515712057056,19.31474558300852,-2.136229870951464,0.16930824106652895,1.6835835158617052,-1.5142752747951762,8.127604751021389,13.390495395696064,-5.262890644674675,174.41666666666666,117.53593342333016,56.88073324333649,2
3,COALINDIA,Coal India Ltd,Unknown,2024,38.84632576899488,109.25197692781899,-70.4056511588241,26.25628846856468,19.31474558300852,6.94154288555616,0.0812499350291589,1.6835835158617052,-1.6023335808325463,7.402890725901301,13.390495395696064,-5.987604669794763,11.24178180085755,117.53593342333016,-106.29415162247261,2
3,DLF,DLF Ltd,Unknown,2024,6.771571332687001,109.25197692781899,-102.48040559513198,42.38369379181578,19.31474558300852,23.06894820880726,0.1066447908121411,1.6835835158617052,-1.5769387250495641,-5.136730668466605,13.390495395696064,-18.52722606416267,7.457865168539326,117.53593342333016,-110.07806825479084,2
3,DMART,Avenue Supermarts Ltd,Unknown,2024,12.59310755785083,109.25197692781899,-96.65886936996816,4.993207190533383,19.31474558300852,-14.321538392475137,0.03540570066540868,1.6835835158617052,-1.6481778151962965,20.48312440202782,13.390495395696064,7.092629006331755,73.29310344827586,117.53593342333016,-44.242829975054306,2
3,DRREDDY,Dr Reddys Laboratories Ltd,Unknown,2024,18.140427330970113,109.25197692781899,-91.11154959684887,19.913605369319196,19.31474558300852,0.5988597863106762,0.15785879215584248,1.6835835158617052,-1.5257247237058627,12.639644349571988,13.390495395696064,-0.750851046124076,51.707602339181285,117.53593342333016,-65.82833108414889,2
3,EICHERMOT,Eicher Motors Ltd,Unknown,2024,21.081195005005533,109.25197692781899,-88.17078192281346,24.195694242864054,19.31474558300852,4.880948659855534,0.021286685283734653,1.6835835158617052,-1.6622968305779706,11.036936496739692,13.390495395696064,-2.353558898956372,114.70588235294117,117.53593342333016,-2.83005107038899,2
3,HDFCBANK,HDFC Bank Ltd,Unknown,2024,14.33974005030719,109.25197692781899,-94.9122368775118,23.07288232992184,19.31474558300852,3.758136746913319,6.808786667718385,1.6835835158617052,5.12520315185668,21.95098428169122,13.390495395696064,8.560488885995156,1.4007688224792112,117.53593342333016,-116.13516460085096,2
3,HINDALCO,Hindalco Industries Ltd,Unknown,2024,8.816941029381121,109.25197692781899,-100.43503589843786,4.702216130615571,19.31474558300852,-14.612529452392948,0.5292682503299299,1.6835835158617052,-1.1543152655317752,10.592433818985914,13.390495395696064,-2.7980615767101504,126.46543778801843,117.53593342333016,8.92950436468827,2
3,ICICIBANK,ICICI Bank Ltd,Unknown,2024,17.99027109750765,109.25197692781899,-91.26170583031134,28.888011233982798,19.31474558300852,9.573265650974278,6.445624336310825,1.6835835158617052,4.76204082044912,17.25086850260209,13.390495395696064,3.8603731069060245,1.3009461331381824,117.53593342333016,-116.23498729019198,2
3,ICICIGI,ICICI Lombard General Insurance Company Ltd,Unknown,2024,14.084403669724772,109.25197692781899,-95.16757325809422,9.366915605017816,19.31474558300852,-9.947829977990704,0.0,1.6835835158617052,-1.6835835158617052,12.911841003362579,13.390495395696064,-0.4786543923334854,160.02678571428572,117.53593342333016,42.49085229095556,2
3,ICICIPRULI,ICICI Prudential Life Insurance Company Ltd,Unknown,2024,7.352687057197166,109.25197692781899,-101.89928987062183,0.942341125272681,19.31474558300852,-18.37240445773584,0.0,1.6835835158617052,-1.6835835158617052,16.84553965244746,13.390495395696064,3.455044256751396,31.021548821548823,117.53593342333016,-86.51438460178134,2
3,INDUSINDBK,IndusInd Bank Ltd,Unknown,2024,14.252273197764223,109.25197692781899,-94.99970373005476,19.56369677362945,19.31474558300852,0.24895119062092874,6.885742949503957,1.6835835158617052,5.202159433642252,15.495613083358029,13.390495395696064,2.1051176876619646,1.8795270558159352,117.53593342333016,-115.65640636751422,2
3,IRFC,Indian Railway Finance Corporation Ltd,Unknown,2024,12.458952686291655,109.25197692781899,-96.79302424152733,24.064552448864703,19.31474558300852,4.749806865856183,7.832721266880404,1.6835835158617052,6.149137751018699,19.06740855567788,13.390495395696064,5.676913159981815,1.3194865927068304,117.53593342333016,-116.21644683062334,2
3,JSWSTEEL,JSW Steel Ltd,Unknown,2024,11.263274169658324,109.25197692781899,-97.98870275816066,5.127252779904689,19.31474558300852,-14.187492803103831,1.1957171189717068,1.6835835158617052,-0.48786639688999833,15.604695052452788,13.390495395696064,2.2141996567567244,3.659099321406539,117.53593342333016,-113.87683410192362,2
3,KOTAKBANK,Kotak Mahindra Bank Ltd,Unknown,2024,14.013018188532914,109.25197692781899,-95.23895873928608,32.386151466116615,19.31474558300852,13.071405883108095,4.003739266919029,1.6835835158617052,2.3201557510573236,13.51960376324537,13.390495395696064,0.12910836754930521,1.2363751084470385,117.53593342333016,-116.29955831488313,2
3,LICI,Life Insurance Corporation of India,Unknown,2024,41.906244558927455,109.25197692781899,-67.34573236889153,4.836600998148862,19.31474558300852,-14.478144584859658,0.00010242018906766902,1.6835835158617052,-1.6834810956726376,8.15986061977938,13.390495395696064,-5.230634775916684,371.9375,117.53593342333016,254.40156657666984,2
3,LTIM,LTIMindtree Ltd,Unknown,2024,21.755634638196916,109.25197692781899,-87.49634228962208,12.90931103415266,19.31474558300852,-6.40543454885586,0.11036773428232503,1.6835835158617052,-1.5732157815793801,30.32798083513346,13.390495395696064,16.937485439437395,31.93243243243243,117.53593342333016,-85.60350099089773,2
3,MARUTI,Maruti Suzuki India Ltd,Unknown,2024,15.133631039202927,109.25197692781899,-94.11834588861606,9.50809964894472,19.31474558300852,-9.8066459340638,0.0017727711330027152,1.6835835158617052,-1.6818107447287025,10.510215112642584,13.390495395696064,-2.88028028305348,117.90721649484536,117.53593342333016,0.3712830715151938,2
3,NESTLEIND,Nestle India Ltd,Unknown,2024,98.57142857142858,109.25197692781899,-10.680548356390403,16.12281708616873,19.31474558300852,-3.1919284968397896,0.09273182957393483,1.6835835158617052,-1.5908516862877704,14.548573711802671,13.390495395696064,1.1580783161066073,41.186206896551724,117.53593342333016,-76.34972652677844,2
3,NHPC,NHPC Ltd,Unknown,2024,10.032628458990262,109.25197692781899,-99.21934846882873,41.81893687707641,19.31474558300852,22.50419129406789,0.8520760168372812,1.6835835158617052,-0.831507499024424,1.404917217643753,13.390495395696064,-11.985578178052311,11.243421052631579,117.53593342333016,-106.29251237069859,2
3,POWERGRID,Power Grid Corporation of India Ltd,Unknown,2024,16.915957897481018,109.25197692781899,-92.33601903033797,33.97028990249329,19.31474558300852,14.655544319484772,1.331378107993613,1.6835835158617052,-0.3522054078680923,5.510261937513361,13.390495395696064,-7.880233458182703,4.60298643565485,117.53593342333016,-112.93294698767531,2
3,SHRIRAMFIN,Shriram Finance Ltd,Unknown,2024,14.122385096961368,109.25197692781899,-95.12959183085762,20.333626470264925,19.31474558300852,1.0188808872564046,3.966636127653077,1.6835835158617052,2.283052611791372,18.556070052776754,13.390495395696064,5.16557465708069,0.6766743648960739,117.53593342333016,-116.85925905843409,2
3,SUNPHARMA,Sun Pharmaceuticals Industries Ltd,Unknown,2024,13.90436229472618,109.25197692781899,-95.3476146330928,19.815658700538176,19.31474558300852,0.500913117529656,0.03721334008536497,1.6835835158617052,-1.6463701757763403,10.78116321985565,13.390495395696064,-2.6093321758404144,58.331932773109244,117.53593342333016,-59.20400065022092,2
3,TATACONSUM,Tata Consumer Products Ltd,Unknown,2024,6.350616767719004,109.25197692781899,-102.90136016009998,7.9902669998684726,19.31474558300852,-11.324478583140047,0.15445327200501777,1.6835835158617052,-1.5291302438566874,15.96086282879563,13.390495395696064,2.570367433099566,25.32183908045977,117.53593342333016,-92.2140943428704,2
3,TRENT,Trent Ltd,Unknown,2024,31.55982905982906,109.25197692781899,-77.69214786798993,11.935353535353535,19.31474558300852,-7.379392047654985,0.3935897435897436,1.6835835158617052,-1.2899937722719617,36.30691600183056,13.390495395696064,22.916420606134494,8.043478260869565,117.53593342333016,-109.4924551624606,2
3,ZOMATO,ZOMATO,Unknown,2024,1.6464959189417392,109.25197692781899,-107.60548100887725,2.8974739970282317,19.31474558300852,-16.417271585980288,0.054367201426024955,1.6835835158617052,-1.6292163144356802,55.956890893735014,13.390495395696064,42.56639549803895,12.347222222222221,117.53593342333016,-105.18871120110794,2
3,ZYDUSLIFE,ZYDUSLIFE,Unknown,2024,18.20389461626575,109.25197692781899,-91.04808231155323,20.32536962193687,19.31474558300852,1.0106240389283485,0.00870561282932417,1.6835835158617052,-1.674877903032381,8.224416370673238,13.390495395696064,-5.166079025022826,70.08641975308642,117.53593342333016,-47.449513670243746,2
4,ADANIENSOL,Adani Energy Solutions Ltd,Unknown,2024,5.69930903025971,109.25197692781899,-103.55266789755927,7.201782380923707,19.31474558300852,-12.112963202084813,1.8588992137240887,1.6835835158617052,0.17531569786238355,17.85124994851739,13.390495395696064,4.460754552821324,2.284784965666787,117.53593342333016,-115.25114845766338,1
4,ADANIENT,Adani Enterprises Ltd,Unknown,2024,7.960187130036281,109.25197692781899,-101.29178979778271,3.458790097592848,19.31474558300852,-15.855955485415672,1.91968206988734,1.6835835158617052,0.23609855402563484,19.015414753081238,13.390495395696064,5.624919357385174,2.7492864983534577,117.53593342333016,-114.78664692497671,1
4,ADANIGREEN,Adani Green Energy Ltd,Unknown,2024,11.913767019667171,109.25197692781899,-97.33820990815181,13.665943600867678,19.31474558300852,-5.648801982140842,6.375756429652042,1.6835835158617052,4.692172913790337,34.976172926382844,13.390495395696064,21.58567753068678,1.713943268078306,117.53593342333016,-115.82199015525185,1
4,AMBUJACEM,Ambuja Cements Ltd,Unknown,2024,9.40527235191361,109.25197692781899,-99.84670457590538,14.288299155609169,19.31474558300852,-5.026446427399351,0.015463712879148802,1.6835835158617052,-1.6681198029825564,4.115700788754739,13.390495395696064,-9.274794606941324,28.264492753623188,117.53593342333016,-89.27144066970698,1
4,ASIANPAINT,Asian Paints Indian Multi-National Paint and Coating Manufacturing Company,Unknown,2024,30.836662228140256,109.25197692781899,-78.41531469967873,15.658543456824905,19.31474558300852,-3.656202126183615,0.13959165557035064,1.6835835158617052,-1.5439918602913545,13.029660349453076,13.390495395696064,-0.3608350462429879,41.00487804878049,117.53593342333016,-76.53105537454968,1
4,BAJAJFINSV,Bajaj Finserv Ltd,Unknown,2024,22.824734723746797,109.25197692781899,-86.42724220407219,14.128209309488865,19.31474558300852,-5.186536273519655,4.66410537870472,1.6835835158617052,2.9805218628430152,20.97274568418761,13.390495395696064,7.582250288491547,2.197130112323319,117.53593342333016,-115.33880331100684,1
4,BANKBARODA,Bank of Baroda,Unknown,2024,15.761863790899902,109.25197692781899,-93.49011313691909,15.93948250956673,19.31474558300852,-3.37526307344179,12.143718727289434,1.6835835158617052,10.460135211427728,17.477297665890944,13.390495395696064,4.08680227019488,1.8967477242617206,117.53593342333016,-115.63918569906845,1
4,BHEL,Bharat Heavy Electricals Limited,Unknown,2024,1.165337410636803,109.25197692781899,-108.08663951718218,1.180262001423011,19.31474558300852,-18.13448358158551,0.3772056696557709,1.6835835158617052,-1.3063778462059343,-4.728642461606237,13.390495395696064,-18.1191378573023,1.5929951690821256,117.53593342333016,-115.94293825424803,1
4,BOSCHLTD,Bosch Ltd,Unknown,2024,19.547809703250117,109.25197692781899,-89.70416722456886,14.886112273569676,19.31474558300852,-4.428633309438844,0.0024336630554247134,1.6835835158617052,-1.6811498528062805,6.717165240230294,13.390495395696064,-6.67333015546577,71.7843137254902,117.53593342333016,-45.75161969783997,1
4,BPCL,Bharat Petroleum Corporation Ltd,Unknown,2024,34.832961560408776,109.25197692781899,-74.41901536741021,5.994201967046283,19.31474558300852,-13.320543615962237,0.763604295274161,1.6835835158617052,-0.9199792205875442,8.483226324685255,13.390495395696064,-4.907269071010809,11.355507351168956,117.53593342333016,-106.18042607216121,1
4,BRITANNIA,Britannia Industries Ltd,Unknown,2024,66.47975077881621,109.25197692781899,-42.772226149002776,12.725863199952292,19.31474558300852,-6.588882383056228,0.8579439252336448,1.6835835158617052,-0.8256395906280604,8.690023727476138,13.390495395696064,-4.700471668219926,20.597560975609756,117.53593342333016,-96.93837244772041,1
4,CANBK,Canara Bank,Unknown,2024,16.716051794688113,109.25197692781899,-92.53592513313087,13.935160470145405,19.31474558300852,-5.379585112863115,14.867419925542423,1.6835835158617052,13.183836409680717,18.17561078322378,13.390495395696064,4.785115387527718,1.6106611743349857,117.53593342333016,-115.92527224899519,1
4,CHOLAFIN,Cholamandalam Investment & Finance Company Ltd,Unknown,2024,15.973097940311053,109.25197692781899,-93.27887898750794,17.846892448990243,19.31474558300852,-1.4678531340182772,7.376722245574705,1.6835835158617052,5.693138729713,21.939164804975263,13.390495395696064,8.5486694092792,21.211764705882352,117.53593342333016,-96.3241687174478,1
4,CIPLA,Cipla Ltd,Unknown,2024,14.645841413108625,109.25197692781899,-94.60613551471036,16.11701714906495,19.31474558300852,-3.1977284339435705,0.01625356979162994,1.6835835158617052,-1.6673299460700752,9.513860126378049,13.390495395696064,-3.8766352693180153,35.33876811594203,117.53593342333016,-82.19716530738813,1
4,DABUR,Dabur India Ltd,Unknown,2024,17.477320980505695,109.25197692781899,-91.77465594731329,14.600128990648178,19.31474558300852,-4.714616592360342,0.1690793283149971,1.6835835158617052,-1.514504187546708,7.814065037783324,13.390495395696064,-5.57643035791274,23.241935483870968,117.53593342333016,-94.29399793945919,1
4,GAIL,GAIL (India) Ltd,Unknown,2024,11.816153396413274,109.25197692781899,-97.43582353140572,7.433122166511544,19.31474558300852,-11.881623416496975,0.23424691858869573,1.6835835158617052,-1.4493365972730095,11.825154521824267,13.390495395696064,-1.565340873871797,23.624478442280946,117.53593342333016,-93.91145498104922,1
4,GODREJCP,Godrej Consumer Products Ltd,Unknown,2024,-4.609695973705834,109.25197692781899,-113.86167290152483,-3.9798524404086266,19.31474558300852,-23.294598023417148,0.314543960558751,1.6835835158617052,-1.3690395553029542,6.447080048592069,13.390495395696064,-6.943415347103995,2.412903225806452,117.53593342333016,-115.12303019752372,1
4,HAVELLS,Havells India Ltd,Unknown,2024,16.307415960995638,109.25197692781899,-92.94456096682335,6.837009144701453,19.31474558300852,-12.477736438307067,0.042596869386707724,1.6835835158617052,-1.6409866464749974,13.037907939063121,13.390495395696064,-0.3525874566329428,25.357142857142858,117.53593342333016,-92.1787905661873,1
4,HCLTECH,HCL Technologies Ltd,Unknown,2024,22.809437386569872,109.25197692781899,-86.44253954124912,14.293122742532729,19.31474558300852,-5.021622840475791,0.08407985480943739,1.6835835158617052,-1.5995036610522677,12.710299978373406,13.390495395696064,-0.6801954173226576,46.46112115732369,117.53593342333016,-71.07481226600648,1
4,HEROMOTOCO,Hero MotoCorp Ltd,Unknown,2024,19.683341223502183,109.25197692781899,-89.5686357043168,9.902352536452407,19.31474558300852,-9.412393046556113,0.030929461890484455,1.6835835158617052,-1.6526540539712207,2.1530677970544643,13.390495395696064,-11.237427598641599,47.268505079825836,117.53593342333016,-70.26742834350432,1
4,HINDUNILVR,Hindustan Unilever Ltd,Unknown,2024,20.249724279187017,109.25197692781899,-89.00225264863197,16.611735814915342,19.31474558300852,-2.703009768093178,0.03251536158815188,1.6835835158617052,-1.6510681542735532,9.504485244074123,13.390495395696064,-3.8860101516219405,57.847001223990205,117.53593342333016,-59.68893219933996,1
4,INFY,Infosys Ltd,Unknown,2024,29.015177475874115,109.25197692781899,-80.23679945194488,17.08075746730006,19.31474558300852,-2.23398811570846,0.09732155687960824,1.6835835158617052,-1.586261958982097,13.199100930556229,13.390495395696064,-0.19139446513983494,87.52340425531915,117.53593342333016,-30.012529168011014,1
4,IOC,Indian Oil Corporation,Unknown,2024,23.79773496686259,109.25197692781899,-85.4542419609564,5.559462717942377,19.31474558300852,-13.755282865066143,0.9009461530827167,1.6835835158617052,-0.7826373627789884,8.008755667240486,13.390495395696064,-5.381739728455578,10.282324578099226,117.53593342333016,-107.25360884523094,1
4,JINDALSTEL,Jindal Steel & Power Ltd,Unknown,2024,12.553600473162799,109.25197692781899,-96.69837645465618,11.802438733764944,19.31474558300852,-7.512306849243576,0.3647155742379755,1.6835835158617052,-1.3188679416237297,1.4028310947741707,13.390495395696064,-11.987664300921892,8.004636785162287,117.53593342333016,-109.53129663816787,1
4,JSWENERGY,JSW Energy Ltd,Unknown,2024,6.167101640985306,109.25197692781899,-103.08487528683368,15.018283127285393,19.31474558300852,-4.296462455723127,1.1030352865467805,1.6835835158617052,-0.5805482293149247,4.6799560539164675,13.390495395696064,-8.710539341779597,2.8514369215781783,117.53593342333016,-114.68449650175198,1
4,LODHA,Macrotech Developers Ltd,Unknown,2024,8.545974483062032,109.25197692781899,-100.70600244475696,15.063978286157425,19.31474558300852,-4.250767296851095,0.43939727232732073,1.6835835158617052,-1.2441862435343845,-2.8278535641862446,13.390495395696064,-16.21834895988231,5.628630705394191,117.53593342333016,-111.90730271793598,1
4,LT,Larsen & Toubro Ltd,Unknown,2024,73.76986951364175,109.25197692781899,-35.482107414177236,7.031246466738726,19.31474558300852,-12.283499116269795,0.11036773428232503,1.6835835158617052,-1.5732157815793801,10.335347989682408,13.390495395696064,-3.0551474060136563,3.5441547518923464,117.53593342333016,-113.99177867143781,1
4,M&M,Mahindra & Mahindra Ltd,Unknown,2024,17.40376159541573,109.25197692781899,-91.84821533240326,8.82238743726542,19.31474558300852,-10.4923581457431,1.6573146861081955,1.6835835158617052,-0.026268829753509637,5.838805854237616,13.390495395696064,-7.5516895414584475,3.7646901709401708,117.53593342333016,-113.77124325239,1
4,MOTHERSON,Samvardhana Motherson International Ltd,Unknown,2024,9.254152111294967,109.25197692781899,-99.99782481652402,3.0600251286831757,19.31474558300852,-16.254720454325344,0.7788502788502788,1.6835835158617052,-0.9047332370114264,9.21195713294276,13.390495395696064,-4.178538262753303,5.224737713970182,117.53593342333016,-112.31119570935998,1
4,NTPC,NTPC Ltd,Unknown,2024,12.677094228392127,109.25197692781899,-96.57488269942687,11.950633329785267,19.31474558300852,-7.364112253223253,1.438201245602358,1.6835835158617052,-0.2453822702593471,12.222309654337993,13.390495395696064,-1.1681857413580712,4.604991464108609,117.53593342333016,-112.93094195922156,1
4,ONGC,Oil & Natural Gas Corpn Ltd,Unknown,2024,16.209165540655622,109.25197692781899,-93.04281138716337,9.655290194725701,19.31474558300852,-9.659455388282819,0.5435766274171389,1.6835835158617052,-1.1400068884445664,7.001683761214439,13.390495395696064,-6.388811634481625,11.361290955463998,117.53593342333016,-106.17464246786616,1
4,PFC,Power Finance Corporation Ltd,Unknown,2024,24.045399196699563,109.25197692781899,-85.20657773111942,28.916597455960137,19.31474558300852,9.601851872951617,8.273331152427167,1.6835835158617052,6.589747636565462,11.081753577550923,13.390495395696064,-2.3087418181451405,0.5804147544943239,117.53593342333016,-116.95551866883584,1
4,PIDILITIND,Pidilite Industries Ltd,Unknown,2024,20.04589787722318,109.25197692781899,-89.2060790505958,14.108051360736493,19.31474558300852,-5.206694222272027,0.04348823866896156,1.6835835158617052,-1.6400952771927437,11.836370175898114,13.390495395696064,-1.5541252197979496,54.333333333333336,117.53593342333016,-63.20260008999683,1
4,PNB,Punjab National Bank,Unknown,2024,61.320565191187306,109.25197692781899,-47.93141173663168,8.395910695456838,19.31474558300852,-10.918834887551682,3.684256345007701,1.6835835158617052,2.000672829145996,15.902076009106025,13.390495395696064,2.5115806134099614,,117.53593342333016,,1
4,RECLTD,REC Ltd,Unknown,2024,19.242279961909944,109.25197692781899,-90.00969696590904,29.7682934528695,19.31474558300852,10.45354786986098,6.578928037001768,1.6835835158617052,4.895344521140063,13.338042247865678,13.390495395696064,-0.052453147830386015,1.6004741552023507,117.53593342333016,-115.93545926812781,1
4,RELIANCE,Reliance Industries Ltd,Unknown,2024,9.64301796442261,109.25197692781899,-99.60895896339638,8.789365557299389,19.31474558300852,-10.525380025709131,0.4362971396773213,1.6835835158617052,-1.247286376184384,9.606097094616972,13.390495395696064,-3.784398301079092,7.728912535686478,117.53593342333016,-109.80702088764369,1
4,SHREECEM,Shree Cement Ltd,Unknown,2024,8.300205948560754,109.25197692781899,-100.95177097925823,8.445007553238145,19.31474558300852,-10.869738029770375,0.08055941376502707,1.6835835158617052,-1.6030241020966782,10.325615915556586,13.390495395696064,-3.064879480139478,19.825581395348838,117.53593342333016,-97.71035202798133,1
4,SIEMENS,Siemens Ltd,Unknown,2024,17.698769290877124,109.25197692781899,-91.55320763694186,12.221223021582734,19.31474558300852,-7.093522561425786,0.018167610861496385,1.6835835158617052,-1.6654159050002089,11.193358902067896,13.390495395696064,-2.197136493628168,67.15,117.53593342333016,-50.38593342333016,1
4,TATAMOTORS,Tata Motors Ltd,Unknown,2024,31.472759296273573,109.25197692781899,-77.77921763154541,7.263066074788551,19.31474558300852,-12.05167950821997,1.0542934040489995,1.6835835158617052,-0.6292901118127057,7.7201595386239275,13.390495395696064,-5.6703358570721365,6.530242339274985,117.53593342333016,-111.00569108405517,1
4,TATAPOWER,Tata Power Company Ltd,Unknown,2024,12.707838479809977,109.25197692781899,-96.54413844800901,6.965125551270159,19.31474558300852,-12.349620031738361,1.7314133016627078,1.6835835158617052,0.04782978580100261,15.511158201876407,13.390495395696064,2.120662806180343,3.054392402331103,117.53593342333016,-114.48154102099906,1
4,TATASTEEL,Tata Steel Ltd,Unknown,2024,-5.44665934529158,109.25197692781899,-114.69863627311057,-2.1425049417247384,19.31474558300852,-21.457250524733258,1.1025547161857854,1.6835835158617052,-0.5810287996759198,7.766224835881497,13.390495395696064,-5.624270559814567,2.1634256792754396,117.53593342333016,-115.37250774405473,1
4,TCS,Tata Consultancy Services Ltd,Unknown,2024,45.4199714271639,109.25197692781899,-63.832005500655086,19.136712150207767,19.31474558300852,-0.17803343280075268,0.08912754322873048,1.6835835158617052,-1.5944559726329748,10.463614801716602,13.390495395696064,-2.9268805939794618,87.09511568123393,117.53593342333016,-30.44081774209623,1
4,TECHM,Tech Mahindra Ltd,Unknown,2024,9.063752552370868,109.25197692781899,-100.18822437544812,4.60996999769213,19.31474558300852,-14.70477558531639,0.07694925508583529,1.6835835158617052,-1.60663426077587,8.398437919098868,13.390495395696064,-4.992057476597196,13.85969387755102,117.53593342333016,-103.67623954577914,1
4,TITAN,Titan Company Ltd,Unknown,2024,35.90797041906327,109.25197692781899,-73.34400650875571,6.843630099444054,19.31474558300852,-12.471115483564466,2.2235004108463436,1.6835835158617052,0.5399168949846385,20.897163953120245,13.390495395696064,7.506668557424181,9.411954765751211,117.53593342333016,-108.12397865757896,1
4,TORNTPHARM,Torrent Pharmaceuticals Ltd,Unknown,2024,22.068230277185503,109.25197692781899,-87.18374665063348,15.436241610738255,19.31474558300852,-3.8785039722702646,0.4168443496801706,1.6835835158617052,-1.2667391661815346,6.932744476678732,13.390495395696064,-6.457750919017332,9.926553672316384,117.53593342333016,-107.60937975101378,1
4,TVSMOTOR,TVS Motor Company Ltd,Unknown,2024,22.925257731958762,109.25197692781899,-86.32671919586022,4.544641716694342,19.31474558300852,-14.770103866314178,1.8838917525773196,1.6835835158617052,0.20030823671561437,14.192387704277065,13.390495395696064,0.8018923085810012,2.9076763485477177,117.53593342333016,-114.62825707478244,1
4,ULTRACEMCO,ULTRACEMCO,Unknown,2024,11.413672288763953,109.25197692781899,-97.83830463905504,9.877587860326056,19.31474558300852,-9.437157722682464,0.27644422716532224,1.6835835158617052,-1.407139288696383,11.329176790681373,13.390495395696064,-2.0613186050146908,13.983471074380166,117.53593342333016,-103.55246234895,1
4,UNIONBANK,UNIONBANK,Unknown,2024,14.136560175413432,109.25197692781899,-95.11541675240555,13.745317605802185,19.31474558300852,-5.569427977206335,12.823705403799257,1.6835835158617052,11.140121887937552,23.945769366938308,13.390495395696064,10.555273971242244,0.35356038128906003,117.53593342333016,-117.1823730420411,1
4,UNITDSPR,UNITDSPR,Unknown,2024,18.448637316561843,109.25197692781899,-90.80333961125714,12.437063863616288,19.31474558300852,-6.877681719392232,0.06787211740041929,1.6835835158617052,-1.6157113984612859,3.919795554934913,13.390495395696064,-9.470699840761151,29.05263157894737,117.53593342333016,-88.4833018443828,1
4,VBL,VBL,Unknown,2023,,109.25197692781899,,13.102287602069437,19.31474558300852,-6.212457980939083,,1.6835835158617052,,25.735515711694568,13.390495395696064,12.345020315998504,12.712328767123287,117.53593342333016,-104.82360465620688,1
4,WIPRO,WIPRO,Unknown,2024,13.655131734172238,109.25197692781899,-95.59684519364674,12.379679144385026,19.31474558300852,-6.935066438623494,0.2369494691309477,1.6835835158617052,-1.4466340467307575,8.747228996316725,13.390495395696064,-4.643266399379339,15.444621513944224,117.53593342333016,-102.09131190938594,1
5,BHARTIARTL,Bharti Airtel Ltd,Unknown,2024,9.825713564031322,109.25197692781899,-99.42626336378767,5.706018055499993,19.31474558300852,-13.608727527508528,2.5895083698822017,1.6835835158617052,0.9059248540204965,13.17410230151459,13.390495395696064,-0.21639309418147334,3.3055457435535147,117.53593342333016,-114.23038767977665,0
5,GRASIM,Grasim Industries Ltd,Unknown,2024,10.682537290944703,109.25197692781899,-98.56943963687428,7.578371940325857,19.31474558300852,-11.736373642682663,1.7021352159969005,1.6835835158617052,0.01855170013519536,11.15172597339149,13.390495395696064,-2.238769422304573,3.015845639754231,117.53593342333016,-114.52008778357593,0
5,SBIN,State Bank of India,Unknown,2024,,109.25197692781899,,15.83441297482405,19.31474558300852,-3.4803326081844705,,1.6835835158617052,,11.63380022632805,13.390495395696064,-1.7566951693680135,0.3660986540179259,117.53593342333016,-117.16983476931223,0
5,VEDL,VEDL,Unknown,2024,20.11043533930858,109.25197692781899,-89.1415415885104,5.245360996889937,19.31474558300852,-14.069384586118584,2.128894579598805,1.6835835158617052,0.4453110637370996,9.32130335133765,13.390495395696064,-4.069192044358413,4.284310618066561,117.53593342333016,-113.25162280526361,0
