table_name,reason,id,company_id,year
analysis,company_id not present in companies master,17,WIPRO,
analysis,company_id not present in companies master,18,WIPRO,
analysis,company_id not present in companies master,19,WIPRO,
analysis,company_id not present in companies master,20,WIPRO,
balancesheet,company_id not present in companies master,1200,ZYDUSLIFE,2013.0
balancesheet,company_id not present in companies master,1201,ZYDUSLIFE,2014.0
balancesheet,company_id not present in companies master,1202,ZYDUSLIFE,2015.0
balancesheet,company_id not present in companies master,1203,ZYDUSLIFE,2016.0
balancesheet,company_id not present in companies master,1204,ZYDUSLIFE,2017.0
balancesheet,company_id not present in companies master,1205,ZYDUSLIFE,2018.0
balancesheet,company_id not present in companies master,1206,ZYDUSLIFE,2019.0
balancesheet,company_id not present in companies master,1207,ZYDUSLIFE,2020.0
balancesheet,company_id not present in companies master,1208,ZYDUSLIFE,2021.0
balancesheet,company_id not present in companies master,1209,ZYDUSLIFE,2022.0
balancesheet,company_id not present in companies master,1210,ZYDUSLIFE,2023.0
balancesheet,company_id not present in companies master,1211,ZYDUSLIFE,2024.0
balancesheet,company_id not present in companies master,1212,ZYDUSLIFE,2024.0
balancesheet,company_id not present in companies master,1226,ZOMATO,2018.0
balancesheet,company_id not present in companies master,1227,ZOMATO,2019.0
balancesheet,company_id not present in companies master,1228,ZOMATO,2020.0
balancesheet,company_id not present in companies master,1229,ZOMATO,2021.0
balancesheet,company_id not present in companies master,1230,ZOMATO,2022.0
balancesheet,company_id not present in companies master,1231,ZOMATO,2023.0
balancesheet,company_id not present in companies master,1232,ZOMATO,2024.0
balancesheet,company_id not present in companies master,1233,ZOMATO,2024.0
balancesheet,company_id not present in companies master,1234,WIPRO,2013.0
balancesheet,company_id not present in companies master,1235,WIPRO,2014.0
balancesheet,company_id not present in companies master,1236,WIPRO,2015.0
balancesheet,company_id not present in companies master,1237,WIPRO,2016.0
balancesheet,company_id not present in companies master,1238,WIPRO,2017.0
balancesheet,company_id not present in companies master,1239,WIPRO,2018.0
balancesheet,company_id not present in companies master,1240,WIPRO,2019.0
balancesheet,company_id not present in companies master,1241,WIPRO,2020.0
balancesheet,company_id not present in companies master,1242,WIPRO,2021.0
balancesheet,company_id not present in companies master,1243,WIPRO,2022.0
balancesheet,company_id not present in companies master,1244,WIPRO,2023.0
balancesheet,company_id not present in companies master,1245,WIPRO,2024.0
balancesheet,company_id not present in companies master,1246,WIPRO,2024.0
balancesheet,company_id not present in companies master,1247,VEDL,2013.0
balancesheet,company_id not present in companies master,1248,VEDL,2014.0
balancesheet,company_id not present in companies master,1249,VEDL,2015.0
balancesheet,company_id not present in companies master,1250,VEDL,2016.0
balancesheet,company_id not present in companies master,1251,VEDL,2017.0
balancesheet,company_id not present in companies master,1252,VEDL,2018.0
balancesheet,company_id not present in companies master,1253,VEDL,2019.0
balancesheet,company_id not present in companies master,1254,VEDL,2020.0
balancesheet,company_id not present in companies master,1255,VEDL,2021.0
balancesheet,company_id not present in companies master,1256,VEDL,2022.0
balancesheet,company_id not present in companies master,1257,VEDL,2023.0
balancesheet,company_id not present in companies master,1258,VEDL,2024.0
balancesheet,company_id not present in companies master,1259,VEDL,2024.0
balancesheet,company_id not present in companies master,1285,UNITDSPR,2013.0
balancesheet,company_id not present in companies master,1286,UNITDSPR,2014.0
balancesheet,company_id not present in companies master,1287,UNITDSPR,2015.0
balancesheet,company_id not present in companies master,1288,UNITDSPR,2016.0
balancesheet,company_id not present in companies master,1289,UNITDSPR,2017.0
balancesheet,company_id not present in companies master,1290,UNITDSPR,2018.0
balancesheet,company_id not present in companies master,1291,UNITDSPR,2019.0
balancesheet,company_id not present in companies master,1292,UNITDSPR,2020.0
balancesheet,company_id not present in companies master,1293,UNITDSPR,2021.0
balancesheet,company_id not present in companies master,1294,UNITDSPR,2022.0
balancesheet,company_id not present in companies master,1295,UNITDSPR,2023.0
balancesheet,company_id not present in companies master,1296,UNITDSPR,2024.0
balancesheet,company_id not present in companies master,1297,UNITDSPR,2024.0
balancesheet,company_id not present in companies master,1298,UNIONBANK,2013.0
balancesheet,company_id not present in companies master,1299,UNIONBANK,2014.0
balancesheet,company_id not present in companies master,1300,UNIONBANK,2015.0
balancesheet,company_id not present in companies master,1301,UNIONBANK,2016.0
balancesheet,company_id not present in companies master,1302,UNIONBANK,2017.0
balancesheet,company_id not present in companies master,1303,UNIONBANK,2018.0
balancesheet,company_id not present in companies master,1304,UNIONBANK,2019.0
balancesheet,company_id not present in companies master,1305,UNIONBANK,2020.0
balancesheet,company_id not present in companies master,1306,UNIONBANK,2021.0
balancesheet,company_id not present in companies master,1307,UNIONBANK,2022.0
balancesheet,company_id not present in companies master,1308,UNIONBANK,2023.0
balancesheet,company_id not present in companies master,1309,UNIONBANK,2024.0
balancesheet,company_id not present in companies master,1323,ULTRACEMCO,2013.0
balancesheet,company_id not present in companies master,1324,ULTRACEMCO,2014.0
balancesheet,company_id not present in companies master,1325,ULTRACEMCO,2015.0
balancesheet,company_id not present in companies master,1326,ULTRACEMCO,2016.0
balancesheet,company_id not present in companies master,1327,ULTRACEMCO,2017.0
balancesheet,company_id not present in companies master,1328,ULTRACEMCO,2018.0
balancesheet,company_id not present in companies master,1329,ULTRACEMCO,2019.0
balancesheet,company_id not present in companies master,1330,ULTRACEMCO,2020.0
balancesheet,company_id not present in companies master,1331,ULTRACEMCO,2021.0
balancesheet,company_id not present in companies master,1332,ULTRACEMCO,2022.0
balancesheet,company_id not present in companies master,1333,ULTRACEMCO,2023.0
balancesheet,company_id not present in companies master,1334,ULTRACEMCO,2024.0
balancesheet,company_id not present in companies master,1335,ULTRACEMCO,2024.0
balancesheet,"Duplicate (company_id, year)",1477,TATAMOTORS,2024.0
balancesheet,"Duplicate (company_id, year)",1464,TATAPOWER,2024.0
balancesheet,"Duplicate (company_id, year)",1451,TECHM,2024.0
balancesheet,"Duplicate (company_id, year)",1438,TATASTEEL,2024.0
balancesheet,"Duplicate (company_id, year)",1425,TCS,2024.0
balancesheet,"Duplicate (company_id, year)",1412,TATACONSUM,2024.0
balancesheet,"Duplicate (company_id, year)",1400,TECHM,2024.0
balancesheet,"Duplicate (company_id, year)",1399,TECHM,2024.0
balancesheet,"Duplicate (company_id, year)",1398,TECHM,2023.0
balancesheet,"Duplicate (company_id, year)",1397,TECHM,2022.0
balancesheet,"Duplicate (company_id, year)",1396,TECHM,2021.0
balancesheet,"Duplicate (company_id, year)",1395,TECHM,2020.0
balancesheet,"Duplicate (company_id, year)",1394,TECHM,2019.0
balancesheet,"Duplicate (company_id, year)",1393,TECHM,2018.0
balancesheet,"Duplicate (company_id, year)",1392,TECHM,2017.0
balancesheet,"Duplicate (company_id, year)",1391,TECHM,2016.0
balancesheet,"Duplicate (company_id, year)",1390,TECHM,2015.0
balancesheet,"Duplicate (company_id, year)",1389,TECHM,2014.0
balancesheet,"Duplicate (company_id, year)",1388,TECHM,2013.0
balancesheet,"Duplicate (company_id, year)",1386,TITAN,2024.0
balancesheet,"Duplicate (company_id, year)",1373,TORNTPHARM,2024.0
balancesheet,"Duplicate (company_id, year)",1360,TRENT,2024.0
balancesheet,"Duplicate (company_id, year)",1347,TVSMOTOR,2024.0
balancesheet,"Duplicate (company_id, year)",1321,SUNPHARMA,2024.0
balancesheet,"Duplicate (company_id, year)",1271,SHRIRAMFIN,2024.0
balancesheet,"Duplicate (company_id, year)",1224,SHREECEM,2024.0
balancesheet,"Duplicate (company_id, year)",1198,SBILIFE,2024.0
balancesheet,"Duplicate (company_id, year)",1185,RELIANCE,2024.0
balancesheet,"Duplicate (company_id, year)",1172,RECLTD,2024.0
balancesheet,"Duplicate (company_id, year)",1159,POWERGRID,2024.0
balancesheet,"Duplicate (company_id, year)",1147,POWERGRID,2024.0
balancesheet,"Duplicate (company_id, year)",1146,POWERGRID,2024.0
balancesheet,"Duplicate (company_id, year)",1145,POWERGRID,2023.0
balancesheet,"Duplicate (company_id, year)",1144,POWERGRID,2022.0
balancesheet,"Duplicate (company_id, year)",1143,POWERGRID,2021.0
balancesheet,"Duplicate (company_id, year)",1142,POWERGRID,2020.0
balancesheet,"Duplicate (company_id, year)",1141,POWERGRID,2019.0
balancesheet,"Duplicate (company_id, year)",1140,POWERGRID,2018.0
balancesheet,"Duplicate (company_id, year)",1139,POWERGRID,2017.0
balancesheet,"Duplicate (company_id, year)",1138,POWERGRID,2016.0
balancesheet,"Duplicate (company_id, year)",1137,POWERGRID,2015.0
balancesheet,"Duplicate (company_id, year)",1136,POWERGRID,2014.0
balancesheet,"Duplicate (company_id, year)",1135,POWERGRID,2013.0
balancesheet,"Duplicate (company_id, year)",1122,PNB,2024.0
balancesheet,"Duplicate (company_id, year)",1121,PNB,2023.0
balancesheet,"Duplicate (company_id, year)",1120,PNB,2022.0
balancesheet,"Duplicate (company_id, year)",1119,PNB,2021.0
balancesheet,"Duplicate (company_id, year)",1118,PNB,2020.0
balancesheet,"Duplicate (company_id, year)",1117,PNB,2019.0
balancesheet,"Duplicate (company_id, year)",1116,PNB,2018.0
balancesheet,"Duplicate (company_id, year)",1115,PNB,2017.0
balancesheet,"Duplicate (company_id, year)",1114,PNB,2016.0
balancesheet,"Duplicate (company_id, year)",1113,PNB,2015.0
balancesheet,"Duplicate (company_id, year)",1112,PNB,2014.0
balancesheet,"Duplicate (company_id, year)",1111,PNB,2013.0
balancesheet,"Duplicate (company_id, year)",1110,PNB,2024.0
balancesheet,"Duplicate (company_id, year)",1109,PNB,2023.0
balancesheet,"Duplicate (company_id, year)",1108,PNB,2022.0
balancesheet,"Duplicate (company_id, year)",1107,PNB,2021.0
balancesheet,"Duplicate (company_id, year)",1106,PNB,2020.0
balancesheet,"Duplicate (company_id, year)",1105,PNB,2019.0
balancesheet,"Duplicate (company_id, year)",1104,PNB,2018.0
balancesheet,"Duplicate (company_id, year)",1103,PNB,2017.0
balancesheet,"Duplicate (company_id, year)",1102,PNB,2016.0
balancesheet,"Duplicate (company_id, year)",1101,PNB,2015.0
balancesheet,"Duplicate (company_id, year)",1100,PNB,2014.0
balancesheet,"Duplicate (company_id, year)",1099,PNB,2013.0
balancesheet,"Duplicate (company_id, year)",1098,PNB,2024.0
balancesheet,"Duplicate (company_id, year)",1097,PNB,2023.0
balancesheet,"Duplicate (company_id, year)",1096,PNB,2022.0
balancesheet,"Duplicate (company_id, year)",1095,PNB,2021.0
balancesheet,"Duplicate (company_id, year)",1094,PNB,2020.0
balancesheet,"Duplicate (company_id, year)",1093,PNB,2019.0
balancesheet,"Duplicate (company_id, year)",1092,PNB,2018.0
balancesheet,"Duplicate (company_id, year)",1091,PNB,2017.0
balancesheet,"Duplicate (company_id, year)",1090,PNB,2016.0
balancesheet,"Duplicate (company_id, year)",1089,PNB,2015.0
balancesheet,"Duplicate (company_id, year)",1088,PNB,2014.0
balancesheet,"Duplicate (company_id, year)",1087,PNB,2013.0
balancesheet,"Duplicate (company_id, year)",1086,PNB,2024.0
balancesheet,"Duplicate (company_id, year)",1085,PNB,2023.0
balancesheet,"Duplicate (company_id, year)",1084,PNB,2022.0
balancesheet,"Duplicate (company_id, year)",1083,PNB,2021.0
balancesheet,"Duplicate (company_id, year)",1082,PNB,2020.0
balancesheet,"Duplicate (company_id, year)",1081,PNB,2019.0
balancesheet,"Duplicate (company_id, year)",1080,PNB,2018.0
balancesheet,"Duplicate (company_id, year)",1079,PNB,2017.0
balancesheet,"Duplicate (company_id, year)",1078,PNB,2016.0
balancesheet,"Duplicate (company_id, year)",1077,PNB,2015.0
balancesheet,"Duplicate (company_id, year)",1076,PNB,2014.0
balancesheet,"Duplicate (company_id, year)",1075,PNB,2013.0
balancesheet,"Duplicate (company_id, year)",1073,PIDILITIND,2024.0
balancesheet,"Duplicate (company_id, year)",1060,PFC,2024.0
balancesheet,"Duplicate (company_id, year)",1047,JINDALSTEL,2024.0
balancesheet,"Duplicate (company_id, year)",1034,JIOFIN,2024.0
balancesheet,"Duplicate (company_id, year)",1031,JSWENERGY,2024.0
balancesheet,"Duplicate (company_id, year)",1018,JSWSTEEL,2024.0
balancesheet,"Duplicate (company_id, year)",993,LICI,2024.0
balancesheet,"Duplicate (company_id, year)",986,LODHA,2024.0
balancesheet,"Duplicate (company_id, year)",973,LT,2024.0
balancesheet,"Duplicate (company_id, year)",960,LTIM,2024.0
balancesheet,"Duplicate (company_id, year)",947,M&M,2024.0
balancesheet,"Duplicate (company_id, year)",934,MARUTI,2024.0
balancesheet,"Duplicate (company_id, year)",921,MOTHERSON,2024.0
balancesheet,"Duplicate (company_id, year)",908,NAUKRI,2024.0
balancesheet,"Duplicate (company_id, year)",895,NESTLEIND,2024.0
balancesheet,"Duplicate (company_id, year)",882,NHPC,2024.0
balancesheet,"Duplicate (company_id, year)",869,NTPC,2024.0
balancesheet,"Duplicate (company_id, year)",856,ONGC,2024.0
balancesheet,"Duplicate (company_id, year)",843,ITC,2024.0
balancesheet,"Duplicate (company_id, year)",830,IRFC,2024.0
balancesheet,"Duplicate (company_id, year)",817,IRCTC,2024.0
balancesheet,"Duplicate (company_id, year)",806,IOC,2024.0
balancesheet,"Duplicate (company_id, year)",793,INFY,2024.0
balancesheet,"Duplicate (company_id, year)",768,INDIGO,2024.0
balancesheet,"Duplicate (company_id, year)",755,ICICIPRULI,2024.0
balancesheet,"Duplicate (company_id, year)",742,ICICIGI,2024.0
balancesheet,"Duplicate (company_id, year)",717,HINDUNILVR,2024.0
balancesheet,"Duplicate (company_id, year)",704,HINDALCO,2024.0
balancesheet,"Duplicate (company_id, year)",691,HEROMOTOCO,2024.0
balancesheet,"Duplicate (company_id, year)",679,HDFCLIFE,2024.0
balancesheet,"Duplicate (company_id, year)",654,HAVELLS,2024.0
balancesheet,"Duplicate (company_id, year)",641,HCLTECH,2024.0
balancesheet,"Duplicate (company_id, year)",615,HAL,2024.0
balancesheet,"Duplicate (company_id, year)",605,GRASIM,2024.0
balancesheet,"Duplicate (company_id, year)",592,GODREJCP,2024.0
balancesheet,"Duplicate (company_id, year)",579,GAIL,2024.0
balancesheet,"Duplicate (company_id, year)",566,EICHERMOT,2024.0
balancesheet,"Duplicate (company_id, year)",553,DRREDDY,2024.0
balancesheet,"Duplicate (company_id, year)",540,DMART,2024.0
balancesheet,"Duplicate (company_id, year)",527,DLF,2024.0
balancesheet,"Duplicate (company_id, year)",514,DIVISLAB,2024.0
balancesheet,"Duplicate (company_id, year)",501,DABUR,2024.0
balancesheet,"Duplicate (company_id, year)",488,COALINDIA,2024.0
balancesheet,"Duplicate (company_id, year)",475,CIPLA,2024.0
balancesheet,"Duplicate (company_id, year)",462,CHOLAFIN,2024.0
balancesheet,"Duplicate (company_id, year)",437,BRITANNIA,2024.0
balancesheet,"Duplicate (company_id, year)",424,BPCL,2024.0
balancesheet,"Duplicate (company_id, year)",411,BOSCHLTD,2024.0
balancesheet,"Duplicate (company_id, year)",398,BHEL,2024.0
balancesheet,"Duplicate (company_id, year)",385,BHARTIARTL,2024.0
balancesheet,"Duplicate (company_id, year)",372,BEL,2024.0
balancesheet,"Duplicate (company_id, year)",347,BAJFINANCE,2024.0
balancesheet,"Duplicate (company_id, year)",336,BAJAJHLDNG,2024.0
balancesheet,"Duplicate (company_id, year)",323,BAJAJFINSV,2024.0
balancesheet,"Duplicate (company_id, year)",310,BAJAJ-AUTO,2024.0
balancesheet,"Duplicate (company_id, year)",285,ATGL,2024.0
balancesheet,"Duplicate (company_id, year)",277,ASIANPAINT,2024.0
balancesheet,"Duplicate (company_id, year)",265,ASIANPAINT,2024.0
balancesheet,"Duplicate (company_id, year)",264,ASIANPAINT,2024.0
balancesheet,"Duplicate (company_id, year)",263,ASIANPAINT,2023.0
balancesheet,"Duplicate (company_id, year)",262,ASIANPAINT,2022.0
balancesheet,"Duplicate (company_id, year)",261,ASIANPAINT,2021.0
balancesheet,"Duplicate (company_id, year)",260,ASIANPAINT,2020.0
balancesheet,"Duplicate (company_id, year)",259,ASIANPAINT,2019.0
balancesheet,"Duplicate (company_id, year)",258,ASIANPAINT,2018.0
balancesheet,"Duplicate (company_id, year)",257,ASIANPAINT,2017.0
balancesheet,"Duplicate (company_id, year)",256,ASIANPAINT,2016.0
balancesheet,"Duplicate (company_id, year)",255,ASIANPAINT,2015.0
balancesheet,"Duplicate (company_id, year)",254,ASIANPAINT,2014.0
balancesheet,"Duplicate (company_id, year)",253,ASIANPAINT,2013.0
balancesheet,"Duplicate (company_id, year)",251,APOLLOHOSP,2024.0
balancesheet,"Duplicate (company_id, year)",238,AMBUJACEM,2024.0
balancesheet,"Duplicate (company_id, year)",225,ADANIPOWER,2024.0
balancesheet,"Duplicate (company_id, year)",212,ADANIPORTS,2024.0
balancesheet,"Duplicate (company_id, year)",199,ADANIGREEN,2024.0
balancesheet,"Duplicate (company_id, year)",181,ADANIENT,2024.0
balancesheet,"Duplicate (company_id, year)",159,ADANIENSOL,2024.0
balancesheet,"Duplicate (company_id, year)",147,ABB,2024.0
cashflow,company_id not present in companies master,189,AGTL,2018.0
cashflow,company_id not present in companies master,190,AGTL,2019.0
cashflow,company_id not present in companies master,191,AGTL,2020.0
cashflow,company_id not present in companies master,192,AGTL,2021.0
cashflow,company_id not present in companies master,193,AGTL,2022.0
cashflow,company_id not present in companies master,194,AGTL,2023.0
cashflow,company_id not present in companies master,195,AGTL,2024.0
cashflow,company_id not present in companies master,1170,ULTRACEMCO,2013.0
cashflow,company_id not present in companies master,1171,ULTRACEMCO,2014.0
cashflow,company_id not present in companies master,1172,ULTRACEMCO,2015.0
cashflow,company_id not present in companies master,1173,ULTRACEMCO,2016.0
cashflow,company_id not present in companies master,1174,ULTRACEMCO,2017.0
cashflow,company_id not present in companies master,1175,ULTRACEMCO,2018.0
cashflow,company_id not present in companies master,1176,ULTRACEMCO,2019.0
cashflow,company_id not present in companies master,1177,ULTRACEMCO,2020.0
cashflow,company_id not present in companies master,1178,ULTRACEMCO,2021.0
cashflow,company_id not present in companies master,1179,ULTRACEMCO,2022.0
cashflow,company_id not present in companies master,1180,ULTRACEMCO,2023.0
cashflow,company_id not present in companies master,1181,ULTRACEMCO,2024.0
cashflow,company_id not present in companies master,1182,UNIONBANK,2013.0
cashflow,company_id not present in companies master,1183,UNIONBANK,2014.0
cashflow,company_id not present in companies master,1184,UNIONBANK,2015.0
cashflow,company_id not present in companies master,1185,UNIONBANK,2016.0
cashflow,company_id not present in companies master,1186,UNIONBANK,2017.0
cashflow,company_id not present in companies master,1187,UNIONBANK,2018.0
cashflow,company_id not present in companies master,1188,UNIONBANK,2019.0
cashflow,company_id not present in companies master,1189,UNIONBANK,2020.0
cashflow,company_id not present in companies master,1190,UNIONBANK,2021.0
cashflow,company_id not present in companies master,1191,UNIONBANK,2022.0
cashflow,company_id not present in companies master,1192,UNIONBANK,2023.0
cashflow,company_id not present in companies master,1193,UNIONBANK,2024.0
cashflow,company_id not present in companies master,1194,UNITDSPR,2013.0
cashflow,company_id not present in companies master,1195,UNITDSPR,2014.0
cashflow,company_id not present in companies master,1196,UNITDSPR,2015.0
cashflow,company_id not present in companies master,1197,UNITDSPR,2016.0
cashflow,company_id not present in companies master,1198,UNITDSPR,2017.0
cashflow,company_id not present in companies master,1199,UNITDSPR,2018.0
cashflow,company_id not present in companies master,1200,UNITDSPR,2019.0
cashflow,company_id not present in companies master,1201,UNITDSPR,2020.0
cashflow,company_id not present in companies master,1202,UNITDSPR,2021.0
cashflow,company_id not present in companies master,1203,UNITDSPR,2022.0
cashflow,company_id not present in companies master,1204,UNITDSPR,2023.0
cashflow,company_id not present in companies master,1205,UNITDSPR,2024.0
cashflow,company_id not present in companies master,1206,VBL,2012.0
cashflow,company_id not present in companies master,1207,VBL,2013.0
cashflow,company_id not present in companies master,1208,VBL,2014.0
cashflow,company_id not present in companies master,1209,VBL,2015.0
cashflow,company_id not present in companies master,1210,VBL,2016.0
cashflow,company_id not present in companies master,1211,VBL,2017.0
cashflow,company_id not present in companies master,1212,VBL,2018.0
cashflow,company_id not present in companies master,1213,VBL,2019.0
cashflow,company_id not present in companies master,1214,VBL,2020.0
cashflow,company_id not present in companies master,1215,VBL,2021.0
cashflow,company_id not present in companies master,1216,VBL,2022.0
cashflow,company_id not present in companies master,1217,VBL,2023.0
cashflow,company_id not present in companies master,1218,VEDL,2013.0
cashflow,company_id not present in companies master,1219,VEDL,2014.0
cashflow,company_id not present in companies master,1220,VEDL,2015.0
cashflow,company_id not present in companies master,1221,VEDL,2016.0
cashflow,company_id not present in companies master,1222,VEDL,2017.0
cashflow,company_id not present in companies master,1223,VEDL,2018.0
cashflow,company_id not present in companies master,1224,VEDL,2019.0
cashflow,company_id not present in companies master,1225,VEDL,2020.0
cashflow,company_id not present in companies master,1226,VEDL,2021.0
cashflow,company_id not present in companies master,1227,VEDL,2022.0
cashflow,company_id not present in companies master,1228,VEDL,2023.0
cashflow,company_id not present in companies master,1229,VEDL,2024.0
cashflow,company_id not present in companies master,1230,WIPRO,2013.0
cashflow,company_id not present in companies master,1231,WIPRO,2014.0
cashflow,company_id not present in companies master,1232,WIPRO,2015.0
cashflow,company_id not present in companies master,1233,WIPRO,2016.0
cashflow,company_id not present in companies master,1234,WIPRO,2017.0
cashflow,company_id not present in companies master,1235,WIPRO,2018.0
cashflow,company_id not present in companies master,1236,WIPRO,2019.0
cashflow,company_id not present in companies master,1237,WIPRO,2020.0
cashflow,company_id not present in companies master,1238,WIPRO,2021.0
cashflow,company_id not present in companies master,1239,WIPRO,2022.0
cashflow,company_id not present in companies master,1240,WIPRO,2023.0
cashflow,company_id not present in companies master,1241,WIPRO,2024.0
cashflow,company_id not present in companies master,1242,ZOMATO,2020.0
cashflow,company_id not present in companies master,1243,ZOMATO,2021.0
cashflow,company_id not present in companies master,1244,ZOMATO,2022.0
cashflow,company_id not present in companies master,1245,ZOMATO,2023.0
cashflow,company_id not present in companies master,1246,ZOMATO,2024.0
cashflow,company_id not present in companies master,1247,ZYDUSLIFE,2013.0
cashflow,company_id not present in companies master,1248,ZYDUSLIFE,2014.0
cashflow,company_id not present in companies master,1249,ZYDUSLIFE,2015.0
cashflow,company_id not present in companies master,1250,ZYDUSLIFE,2016.0
cashflow,company_id not present in companies master,1251,ZYDUSLIFE,2017.0
cashflow,company_id not present in companies master,1252,ZYDUSLIFE,2018.0
cashflow,company_id not present in companies master,1253,ZYDUSLIFE,2019.0
cashflow,company_id not present in companies master,1254,ZYDUSLIFE,2020.0
cashflow,company_id not present in companies master,1255,ZYDUSLIFE,2021.0
cashflow,company_id not present in companies master,1256,ZYDUSLIFE,2022.0
cashflow,company_id not present in companies master,1257,ZYDUSLIFE,2023.0
cashflow,company_id not present in companies master,1258,ZYDUSLIFE,2024.0
cashflow,"Duplicate (company_id, year)",219,BAJAJ-AUTO,2024.0
cashflow,"Duplicate (company_id, year)",218,BAJAJ-AUTO,2023.0
cashflow,"Duplicate (company_id, year)",217,BAJAJ-AUTO,2022.0
cashflow,"Duplicate (company_id, year)",216,BAJAJ-AUTO,2021.0
cashflow,"Duplicate (company_id, year)",215,BAJAJ-AUTO,2020.0
cashflow,"Duplicate (company_id, year)",214,BAJAJ-AUTO,2019.0
cashflow,"Duplicate (company_id, year)",213,BAJAJ-AUTO,2018.0
cashflow,"Duplicate (company_id, year)",212,BAJAJ-AUTO,2017.0
cashflow,"Duplicate (company_id, year)",211,BAJAJ-AUTO,2016.0
cashflow,"Duplicate (company_id, year)",210,BAJAJ-AUTO,2015.0
cashflow,"Duplicate (company_id, year)",209,BAJAJ-AUTO,2014.0
cashflow,"Duplicate (company_id, year)",208,BAJAJ-AUTO,2013.0
cashflow,"Duplicate (company_id, year)",72,ABB,2024.0
cashflow,"Duplicate (company_id, year)",71,ABB,2023.0
cashflow,"Duplicate (company_id, year)",70,ABB,2022.0
cashflow,"Duplicate (company_id, year)",69,ABB,2021.0
cashflow,"Duplicate (company_id, year)",68,ABB,2020.0
cashflow,"Duplicate (company_id, year)",67,ABB,2019.0
cashflow,"Duplicate (company_id, year)",66,ABB,2018.0
cashflow,"Duplicate (company_id, year)",65,ABB,2017.0
cashflow,"Duplicate (company_id, year)",64,ABB,2016.0
cashflow,"Duplicate (company_id, year)",63,ABB,2015.0
cashflow,"Duplicate (company_id, year)",62,ABB,2014.0
cashflow,"Duplicate (company_id, year)",48,TCS,2024.0
cashflow,"Duplicate (company_id, year)",47,TCS,2023.0
cashflow,"Duplicate (company_id, year)",46,TCS,2022.0
cashflow,"Duplicate (company_id, year)",45,TCS,2021.0
cashflow,"Duplicate (company_id, year)",44,TCS,2020.0
cashflow,"Duplicate (company_id, year)",43,TCS,2019.0
cashflow,"Duplicate (company_id, year)",42,TCS,2018.0
cashflow,"Duplicate (company_id, year)",41,TCS,2017.0
cashflow,"Duplicate (company_id, year)",40,TCS,2016.0
cashflow,"Duplicate (company_id, year)",39,TCS,2015.0
cashflow,"Duplicate (company_id, year)",38,TCS,2014.0
cashflow,"Duplicate (company_id, year)",37,TCS,2013.0
profitandloss,Missing/invalid required value,73,ABB,
profitandloss,Missing/invalid required value,97,ADANIENSOL,
profitandloss,Missing/invalid required value,110,ADANIENT,
profitandloss,Missing/invalid required value,119,ADANIGREEN,
profitandloss,Missing/invalid required value,132,ADANIPORTS,
profitandloss,Missing/invalid required value,145,ADANIPORTS,
profitandloss,Missing/invalid required value,158,ADANIPOWER,
profitandloss,Missing/invalid required value,171,AMBUJACEM,
profitandloss,Missing/invalid required value,184,APOLLOHOSP,
profitandloss,Missing/invalid required value,197,ASIANPAINT,
profitandloss,Missing/invalid required value,205,ATGL,
profitandloss,Missing/invalid required value,218,BAJAJ-AUTO,
profitandloss,Missing/invalid required value,231,AXISBANK,
profitandloss,Missing/invalid required value,244,BAJAJFINSV,
profitandloss,Missing/invalid required value,257,BAJAJHLDNG,
profitandloss,Missing/invalid required value,268,BAJFINANCE,
profitandloss,Missing/invalid required value,281,BANKBARODA,
profitandloss,Missing/invalid required value,294,BHARTIARTL,
profitandloss,Missing/invalid required value,307,BEL,
profitandloss,Missing/invalid required value,320,BHEL,
profitandloss,Missing/invalid required value,333,BOSCHLTD,
profitandloss,Missing/invalid required value,346,BPCL,
profitandloss,Missing/invalid required value,359,BRITANNIA,
profitandloss,Missing/invalid required value,372,CANBK,
profitandloss,Missing/invalid required value,385,CHOLAFIN,
profitandloss,Missing/invalid required value,398,CIPLA,
profitandloss,Missing/invalid required value,411,COALINDIA,
profitandloss,Missing/invalid required value,424,DABUR,
profitandloss,Missing/invalid required value,437,DIVISLAB,
profitandloss,Missing/invalid required value,450,DLF,
profitandloss,Missing/invalid required value,463,DMART,
profitandloss,Missing/invalid required value,476,DRREDDY,
profitandloss,Missing/invalid required value,489,EICHERMOT,
profitandloss,Missing/invalid required value,502,GAIL,
profitandloss,Missing/invalid required value,515,GODREJCP,
profitandloss,Missing/invalid required value,528,GRASIM,
profitandloss,Missing/invalid required value,541,HAL,
profitandloss,Missing/invalid required value,554,HAVELLS,
profitandloss,Missing/invalid required value,567,HCLTECH,
profitandloss,Missing/invalid required value,580,HDFCBANK,
profitandloss,Missing/invalid required value,593,HDFCLIFE,
profitandloss,Missing/invalid required value,605,HEROMOTOCO,
profitandloss,Missing/invalid required value,618,HINDALCO,
profitandloss,Missing/invalid required value,631,HINDUNILVR,
profitandloss,Missing/invalid required value,644,ICICIBANK,
profitandloss,Missing/invalid required value,657,ICICIGI,
profitandloss,Missing/invalid required value,670,ICICIPRULI,
profitandloss,Missing/invalid required value,709,INDUSINDBK,
profitandloss,Missing/invalid required value,722,INFY,
profitandloss,Missing/invalid required value,735,IOC,
profitandloss,Missing/invalid required value,746,IRCTC,
profitandloss,Missing/invalid required value,759,IRFC,
profitandloss,Missing/invalid required value,772,ITC,
profitandloss,Missing/invalid required value,785,JINDALSTEL,
profitandloss,Missing/invalid required value,788,JIOFIN,
profitandloss,Missing/invalid required value,801,JSWENERGY,
profitandloss,Missing/invalid required value,814,JSWSTEEL,
profitandloss,Missing/invalid required value,827,KOTAKBANK,
profitandloss,Missing/invalid required value,834,LICI,
profitandloss,Missing/invalid required value,847,LODHA,
profitandloss,Missing/invalid required value,860,LT,
profitandloss,Missing/invalid required value,873,LTIM,
profitandloss,Missing/invalid required value,886,M&M,
profitandloss,Missing/invalid required value,899,MARUTI,
profitandloss,Missing/invalid required value,912,MOTHERSON,
profitandloss,Missing/invalid required value,925,NAUKRI,
profitandloss,Missing/invalid required value,938,NESTLEIND,
profitandloss,Missing/invalid required value,951,NHPC,
profitandloss,Missing/invalid required value,964,NTPC,
profitandloss,Missing/invalid required value,977,ONGC,
profitandloss,Missing/invalid required value,990,PFC,
profitandloss,Missing/invalid required value,1003,PIDILITIND,
profitandloss,Missing/invalid required value,1016,PNB,
profitandloss,Missing/invalid required value,1029,POWERGRID,
profitandloss,Missing/invalid required value,1042,RECLTD,
profitandloss,Missing/invalid required value,1055,RELIANCE,
profitandloss,Missing/invalid required value,1068,SBILIFE,
profitandloss,Missing/invalid required value,1081,SBIN,
profitandloss,Missing/invalid required value,1094,SHREECEM,
profitandloss,Missing/invalid required value,1107,SHRIRAMFIN,
profitandloss,Missing/invalid required value,1132,SUNPHARMA,
profitandloss,Missing/invalid required value,1145,TATACONSUM,
profitandloss,Missing/invalid required value,1158,TATAMOTORS,
profitandloss,Missing/invalid required value,1171,TATAPOWER,
profitandloss,Missing/invalid required value,1184,TATASTEEL,
profitandloss,Missing/invalid required value,1197,TCS,
profitandloss,Missing/invalid required value,1210,TECHM,
profitandloss,Missing/invalid required value,1223,TITAN,
profitandloss,Missing/invalid required value,1236,TORNTPHARM,
profitandloss,Missing/invalid required value,1249,TRENT,
profitandloss,Missing/invalid required value,1262,TVSMOTOR,
profitandloss,Missing/invalid required value,1275,ULTRACEMCO,
profitandloss,Missing/invalid required value,1288,UNIONBANK,
profitandloss,Missing/invalid required value,1301,UNITDSPR,
profitandloss,Missing/invalid required value,1314,VBL,
profitandloss,Missing/invalid required value,1327,VEDL,
profitandloss,Missing/invalid required value,1340,WIPRO,
profitandloss,Missing/invalid required value,1348,ZOMATO,
profitandloss,Missing/invalid required value,1361,ZYDUSLIFE,
profitandloss,Missing/invalid required value,1374,INDIGO,
profitandloss,company_id not present in companies master,1263,ULTRACEMCO,2013.0
profitandloss,company_id not present in companies master,1264,ULTRACEMCO,2014.0
profitandloss,company_id not present in companies master,1265,ULTRACEMCO,2015.0
profitandloss,company_id not present in companies master,1266,ULTRACEMCO,2016.0
profitandloss,company_id not present in companies master,1267,ULTRACEMCO,2017.0
profitandloss,company_id not present in companies master,1268,ULTRACEMCO,2018.0
profitandloss,company_id not present in companies master,1269,ULTRACEMCO,2019.0
profitandloss,company_id not present in companies master,1270,ULTRACEMCO,2020.0
profitandloss,company_id not present in companies master,1271,ULTRACEMCO,2021.0
profitandloss,company_id not present in companies master,1272,ULTRACEMCO,2022.0
profitandloss,company_id not present in companies master,1273,ULTRACEMCO,2023.0
profitandloss,company_id not present in companies master,1274,ULTRACEMCO,2024.0
profitandloss,company_id not present in companies master,1276,UNIONBANK,2013.0
profitandloss,company_id not present in companies master,1277,UNIONBANK,2014.0
profitandloss,company_id not present in companies master,1278,UNIONBANK,2015.0
profitandloss,company_id not present in companies master,1279,UNIONBANK,2016.0
profitandloss,company_id not present in companies master,1280,UNIONBANK,2017.0
profitandloss,company_id not present in companies master,1281,UNIONBANK,2018.0
profitandloss,company_id not present in companies master,1282,UNIONBANK,2019.0
profitandloss,company_id not present in companies master,1283,UNIONBANK,2020.0
profitandloss,company_id not present in companies master,1284,UNIONBANK,2021.0
profitandloss,company_id not present in companies master,1285,UNIONBANK,2022.0
profitandloss,company_id not present in companies master,1286,UNIONBANK,2023.0
profitandloss,company_id not present in companies master,1287,UNIONBANK,2024.0
profitandloss,company_id not present in companies master,1289,UNITDSPR,2013.0
profitandloss,company_id not present in companies master,1290,UNITDSPR,2014.0
profitandloss,company_id not present in companies master,1291,UNITDSPR,2015.0
profitandloss,company_id not present in companies master,1292,UNITDSPR,2016.0
profitandloss,company_id not present in companies master,1293,UNITDSPR,2017.0
profitandloss,company_id not present in companies master,1294,UNITDSPR,2018.0
profitandloss,company_id not present in companies master,1295,UNITDSPR,2019.0
profitandloss,company_id not present in companies master,1296,UNITDSPR,2020.0
profitandloss,company_id not present in companies master,1297,UNITDSPR,2021.0
profitandloss,company_id not present in companies master,1298,UNITDSPR,2022.0
profitandloss,company_id not present in companies master,1299,UNITDSPR,2023.0
profitandloss,company_id not present in companies master,1300,UNITDSPR,2024.0
profitandloss,company_id not present in companies master,1302,VBL,2012.0
profitandloss,company_id not present in companies master,1303,VBL,2013.0
profitandloss,company_id not present in companies master,1304,VBL,2014.0
profitandloss,company_id not present in companies master,1305,VBL,2015.0
profitandloss,company_id not present in companies master,1306,VBL,2016.0
profitandloss,company_id not present in companies master,1307,VBL,2017.0
profitandloss,company_id not present in companies master,1308,VBL,2018.0
profitandloss,company_id not present in companies master,1309,VBL,2019.0
profitandloss,company_id not present in companies master,1310,VBL,2020.0
profitandloss,company_id not present in companies master,1311,VBL,2021.0
profitandloss,company_id not present in companies master,1312,VBL,2022.0
profitandloss,company_id not present in companies master,1313,VBL,2023.0
profitandloss,company_id not present in companies master,1315,VEDL,2013.0
profitandloss,company_id not present in companies master,1316,VEDL,2014.0
profitandloss,company_id not present in companies master,1317,VEDL,2015.0
profitandloss,company_id not present in companies master,1318,VEDL,2016.0
profitandloss,company_id not present in companies master,1319,VEDL,2017.0
profitandloss,company_id not present in companies master,1320,VEDL,2018.0
profitandloss,company_id not present in companies master,1321,VEDL,2019.0
profitandloss,company_id not present in companies master,1322,VEDL,2020.0
profitandloss,company_id not present in companies master,1323,VEDL,2021.0
profitandloss,company_id not present in companies master,1324,VEDL,2022.0
profitandloss,company_id not present in companies master,1325,VEDL,2023.0
profitandloss,company_id not present in companies master,1326,VEDL,2024.0
profitandloss,company_id not present in companies master,1328,WIPRO,2013.0
profitandloss,company_id not present in companies master,1329,WIPRO,2014.0
profitandloss,company_id not present in companies master,1330,WIPRO,2015.0
profitandloss,company_id not present in companies master,1331,WIPRO,2016.0
profitandloss,company_id not present in companies master,1332,WIPRO,2017.0
profitandloss,company_id not present in companies master,1333,WIPRO,2018.0
profitandloss,company_id not present in companies master,1334,WIPRO,2019.0
profitandloss,company_id not present in companies master,1335,WIPRO,2020.0
profitandloss,company_id not present in companies master,1336,WIPRO,2021.0
profitandloss,company_id not present in companies master,1337,WIPRO,2022.0
profitandloss,company_id not present in companies master,1338,WIPRO,2023.0
profitandloss,company_id not present in companies master,1339,WIPRO,2024.0
profitandloss,company_id not present in companies master,1341,ZOMATO,2018.0
profitandloss,company_id not present in companies master,1342,ZOMATO,2019.0
profitandloss,company_id not present in companies master,1343,ZOMATO,2020.0
profitandloss,company_id not present in companies master,1344,ZOMATO,2021.0
profitandloss,company_id not present in companies master,1345,ZOMATO,2022.0
profitandloss,company_id not present in companies master,1346,ZOMATO,2023.0
profitandloss,company_id not present in companies master,1347,ZOMATO,2024.0
profitandloss,company_id not present in companies master,1349,ZYDUSLIFE,2013.0
profitandloss,company_id not present in companies master,1350,ZYDUSLIFE,2014.0
profitandloss,company_id not present in companies master,1351,ZYDUSLIFE,2015.0
profitandloss,company_id not present in companies master,1352,ZYDUSLIFE,2016.0
profitandloss,company_id not present in companies master,1353,ZYDUSLIFE,2017.0
profitandloss,company_id not present in companies master,1354,ZYDUSLIFE,2018.0
profitandloss,company_id not present in companies master,1355,ZYDUSLIFE,2019.0
profitandloss,company_id not present in companies master,1356,ZYDUSLIFE,2020.0
profitandloss,company_id not present in companies master,1357,ZYDUSLIFE,2021.0
profitandloss,company_id not present in companies master,1358,ZYDUSLIFE,2022.0
profitandloss,company_id not present in companies master,1359,ZYDUSLIFE,2023.0
profitandloss,company_id not present in companies master,1360,ZYDUSLIFE,2024.0
profitandloss,"Duplicate (company_id, year)",162,AMBUJACEM,2015.0
profitandloss,"Duplicate (company_id, year)",131,ADANIPORTS,2024.0
profitandloss,"Duplicate (company_id, year)",130,ADANIPORTS,2023.0
profitandloss,"Duplicate (company_id, year)",129,ADANIPORTS,2022.0
profitandloss,"Duplicate (company_id, year)",128,ADANIPORTS,2021.0
profitandloss,"Duplicate (company_id, year)",127,ADANIPORTS,2020.0
profitandloss,"Duplicate (company_id, year)",126,ADANIPORTS,2019.0
profitandloss,"Duplicate (company_id, year)",125,ADANIPORTS,2018.0
profitandloss,"Duplicate (company_id, year)",124,ADANIPORTS,2017.0
profitandloss,"Duplicate (company_id, year)",123,ADANIPORTS,2016.0
profitandloss,"Duplicate (company_id, year)",122,ADANIPORTS,2015.0
profitandloss,"Duplicate (company_id, year)",121,ADANIPORTS,2014.0
profitandloss,"Duplicate (company_id, year)",120,ADANIPORTS,2013.0
documents,company_id not present in companies master,1458,ULTRACEMCO,2024.0
documents,company_id not present in companies master,1459,ULTRACEMCO,2023.0
documents,company_id not present in companies master,1460,ULTRACEMCO,2022.0
documents,company_id not present in companies master,1461,ULTRACEMCO,2021.0
documents,company_id not present in companies master,1462,ULTRACEMCO,2020.0
documents,company_id not present in companies master,1463,ULTRACEMCO,2019.0
documents,company_id not present in companies master,1464,ULTRACEMCO,2018.0
documents,company_id not present in companies master,1465,ULTRACEMCO,2017.0
documents,company_id not present in companies master,1466,ULTRACEMCO,2016.0
documents,company_id not present in companies master,1467,ULTRACEMCO,2015.0
documents,company_id not present in companies master,1468,ULTRACEMCO,2014.0
documents,company_id not present in companies master,1469,ULTRACEMCO,2013.0
documents,company_id not present in companies master,1470,ULTRACEMCO,2012.0
documents,company_id not present in companies master,1471,ULTRACEMCO,2011.0
documents,company_id not present in companies master,1472,ULTRACEMCO,2010.0
documents,company_id not present in companies master,1473,ULTRACEMCO,2009.0
documents,company_id not present in companies master,1474,UNIONBANK,2024.0
documents,company_id not present in companies master,1475,UNIONBANK,2023.0
documents,company_id not present in companies master,1476,UNIONBANK,2022.0
documents,company_id not present in companies master,1477,UNIONBANK,2021.0
documents,company_id not present in companies master,1478,UNIONBANK,2020.0
documents,company_id not present in companies master,1479,UNIONBANK,2019.0
documents,company_id not present in companies master,1480,UNIONBANK,2018.0
documents,company_id not present in companies master,1481,UNIONBANK,2017.0
documents,company_id not present in companies master,1482,UNIONBANK,2016.0
documents,company_id not present in companies master,1483,UNIONBANK,2015.0
documents,company_id not present in companies master,1484,UNIONBANK,2014.0
documents,company_id not present in companies master,1485,UNIONBANK,2013.0
documents,company_id not present in companies master,1486,UNIONBANK,2012.0
documents,company_id not present in companies master,1487,UNIONBANK,2011.0
documents,company_id not present in companies master,1488,UNIONBANK,2010.0
documents,company_id not present in companies master,1489,UNIONBANK,2009.0
documents,company_id not present in companies master,1490,UNITDSPR,2024.0
documents,company_id not present in companies master,1491,UNITDSPR,2023.0
documents,company_id not present in companies master,1492,UNITDSPR,2022.0
documents,company_id not present in companies master,1493,UNITDSPR,2021.0
documents,company_id not present in companies master,1494,UNITDSPR,2020.0
documents,company_id not present in companies master,1495,UNITDSPR,2019.0
documents,company_id not present in companies master,1496,UNITDSPR,2018.0
documents,company_id not present in companies master,1497,UNITDSPR,2017.0
documents,company_id not present in companies master,1498,UNITDSPR,2016.0
documents,company_id not present in companies master,1499,UNITDSPR,2015.0
documents,company_id not present in companies master,1500,UNITDSPR,2014.0
documents,company_id not present in companies master,1501,UNITDSPR,2013.0
documents,company_id not present in companies master,1502,UNITDSPR,2012.0
documents,company_id not present in companies master,1503,UNITDSPR,2011.0
documents,company_id not present in companies master,1504,UNITDSPR,2010.0
documents,company_id not present in companies master,1505,UNITDSPR,2009.0
documents,company_id not present in companies master,1506,VBL,2024.0
documents,company_id not present in companies master,1507,VBL,2023.0
documents,company_id not present in companies master,1508,VBL,2022.0
documents,company_id not present in companies master,1509,VBL,2021.0
documents,company_id not present in companies master,1510,VBL,2020.0
documents,company_id not present in companies master,1511,VBL,2019.0
documents,company_id not present in companies master,1512,VBL,2018.0
documents,company_id not present in companies master,1513,VBL,2017.0
documents,company_id not present in companies master,1514,VBL,2016.0
documents,company_id not present in companies master,1515,VBL,2015.0
documents,company_id not present in companies master,1516,VBL,2014.0
documents,company_id not present in companies master,1517,VBL,2013.0
documents,company_id not present in companies master,1518,VBL,2012.0
documents,company_id not present in companies master,1519,VBL,2011.0
documents,company_id not present in companies master,1520,VBL,2010.0
documents,company_id not present in companies master,1521,VBL,2009.0
documents,company_id not present in companies master,1522,VEDL,2024.0
documents,company_id not present in companies master,1523,VEDL,2023.0
documents,company_id not present in companies master,1524,VEDL,2022.0
documents,company_id not present in companies master,1525,VEDL,2021.0
documents,company_id not present in companies master,1526,VEDL,2020.0
documents,company_id not present in companies master,1527,VEDL,2019.0
documents,company_id not present in companies master,1528,VEDL,2018.0
documents,company_id not present in companies master,1529,VEDL,2017.0
documents,company_id not present in companies master,1530,VEDL,2016.0
documents,company_id not present in companies master,1531,VEDL,2015.0
documents,company_id not present in companies master,1532,VEDL,2014.0
documents,company_id not present in companies master,1533,VEDL,2013.0
documents,company_id not present in companies master,1534,VEDL,2012.0
documents,company_id not present in companies master,1535,VEDL,2011.0
documents,company_id not present in companies master,1536,VEDL,2010.0
documents,company_id not present in companies master,1537,VEDL,2009.0
documents,company_id not present in companies master,1538,WIPRO,2024.0
documents,company_id not present in companies master,1539,WIPRO,2023.0
documents,company_id not present in companies master,1540,WIPRO,2022.0
documents,company_id not present in companies master,1541,WIPRO,2021.0
documents,company_id not present in companies master,1542,WIPRO,2020.0
documents,company_id not present in companies master,1543,WIPRO,2019.0
documents,company_id not present in companies master,1544,WIPRO,2018.0
documents,company_id not present in companies master,1545,WIPRO,2017.0
documents,company_id not present in companies master,1546,WIPRO,2016.0
documents,company_id not present in companies master,1547,WIPRO,2015.0
documents,company_id not present in companies master,1548,WIPRO,2014.0
documents,company_id not present in companies master,1549,WIPRO,2013.0
documents,company_id not present in companies master,1550,WIPRO,2012.0
documents,company_id not present in companies master,1551,WIPRO,2011.0
documents,company_id not present in companies master,1552,WIPRO,2010.0
documents,company_id not present in companies master,1553,WIPRO,2009.0
documents,company_id not present in companies master,1554,ZOMATO,2024.0
documents,company_id not present in companies master,1555,ZOMATO,2023.0
documents,company_id not present in companies master,1556,ZOMATO,2022.0
documents,company_id not present in companies master,1557,ZOMATO,2021.0
documents,company_id not present in companies master,1558,ZOMATO,2020.0
documents,company_id not present in companies master,1559,ZOMATO,2019.0
documents,company_id not present in companies master,1560,ZOMATO,2018.0
documents,company_id not present in companies master,1561,ZOMATO,2017.0
documents,company_id not present in companies master,1562,ZOMATO,2016.0
documents,company_id not present in companies master,1563,ZOMATO,2015.0
documents,company_id not present in companies master,1564,ZOMATO,2014.0
documents,company_id not present in companies master,1565,ZOMATO,2013.0
documents,company_id not present in companies master,1566,ZOMATO,2012.0
documents,company_id not present in companies master,1567,ZOMATO,2011.0
documents,company_id not present in companies master,1568,ZOMATO,2010.0
documents,company_id not present in companies master,1569,ZOMATO,2009.0
documents,company_id not present in companies master,1570,ZYDUSLIFE,2024.0
documents,company_id not present in companies master,1571,ZYDUSLIFE,2023.0
documents,company_id not present in companies master,1572,ZYDUSLIFE,2022.0
documents,company_id not present in companies master,1573,ZYDUSLIFE,2021.0
documents,company_id not present in companies master,1574,ZYDUSLIFE,2020.0
documents,company_id not present in companies master,1575,ZYDUSLIFE,2019.0
documents,company_id not present in companies master,1576,ZYDUSLIFE,2018.0
documents,company_id not present in companies master,1577,ZYDUSLIFE,2017.0
documents,company_id not present in companies master,1578,ZYDUSLIFE,2016.0
documents,company_id not present in companies master,1579,ZYDUSLIFE,2015.0
documents,company_id not present in companies master,1580,ZYDUSLIFE,2014.0
documents,company_id not present in companies master,1581,ZYDUSLIFE,2013.0
documents,company_id not present in companies master,1582,ZYDUSLIFE,2012.0
documents,company_id not present in companies master,1583,ZYDUSLIFE,2011.0
documents,company_id not present in companies master,1584,ZYDUSLIFE,2010.0
documents,company_id not present in companies master,1585,ZYDUSLIFE,2009.0
documents,"Duplicate (company_id, year)",558,HAL,2011.0
prosandcons,company_id not present in companies master,12,WIPRO,
prosandcons,company_id not present in companies master,13,WIPRO,
