company_id,year,net_profit_margin_pct,operating_profit_margin_pct,return_on_equity_pct,return_on_capital_employed_pct,return_on_assets_pct,debt_to_equity,high_leverage_flag,interest_coverage,icr_label,icr_warning_flag,asset_turnover,net_debt_cr,free_cash_flow_cr,capex_cr,capex_intensity_pct,fcf_conversion_rate_pct,earnings_per_share,book_value_per_share,dividend_payout_ratio_pct,total_debt_cr,cash_from_operations_cr,revenue_cagr_5yr,revenue_cagr_5yr_flag,pat_cagr_5yr,pat_cagr_5yr_flag,eps_cagr_5yr,eps_cagr_5yr_flag,composite_quality_score
ABB,2012,8.771929824561402,12.220205686630369,22.411128284389488,31.221020092735703,15.986769570011026,0.0,False,,Debt Free,False,1.822491730981257,0.0,42.0,59.0,3.569267997580157,20.792079207920793,68.0,30.80952380952381,,0.0,101.0,,INSUFFICIENT,,INSUFFICIENT,,INSUFFICIENT,
ABB,2014,8.699472759226714,11.731107205623902,25.12690355329949,33.88324873096447,17.383669885864794,0.0,False,,Debt Free,False,1.9982440737489024,0.0,0.0,0.0,0.0,0.0,93.0,37.523809523809526,,0.0,0.0,,INSUFFICIENT,,INSUFFICIENT,,INSUFFICIENT,
ABB,2015,10.004368719965049,13.630406290956751,24.439701173959445,33.29775880469584,16.666666666666664,0.0,False,,Debt Free,False,1.665938864628821,0.0,-1899.0,1864.0,81.43294014853649,-608.6538461538462,108.0,44.61904761904762,,0.0,-35.0,,INSUFFICIENT,,INSUFFICIENT,,INSUFFICIENT,
ABB,2016,9.755164498852334,13.963274674827849,21.338912133891213,30.543933054393307,15.77970297029703,0.0,False,138.33333333333334,,False,1.6175742574257426,0.0,728.0,816.0,31.216526396327467,199.45205479452056,120.0,56.904761904761905,,0.0,1544.0,,INSUFFICIENT,,INSUFFICIENT,,INSUFFICIENT,
ABB,2017,9.541853255253187,13.709955218739237,19.971160778658977,28.69502523431867,13.407550822846078,0.0,False,227.5,,False,1.40513068731849,0.0,459.0,1730.0,59.59352394075095,115.32663316582914,130.0,66.04761904761905,,0.0,2189.0,11.921838734412127,,13.820988595468453,,13.837903230220427,,
ABB,2018,12.15888417222559,15.918738629472406,23.685764914353218,31.010041346721795,16.5976821192053,0.0,False,160.5,,False,1.365066225165563,0.0,-994.0,3192.0,96.78593086719223,-189.33333333333334,189.0,80.61904761904762,,0.0,2198.0,,INSUFFICIENT,,INSUFFICIENT,,INSUFFICIENT,
ABB,2019,12.231584669747214,16.444686055993476,22.410358565737052,30.12948207171315,15.300918055083304,0.0,False,359.0,,False,1.2509350561033663,0.0,-459.0,3050.0,82.90296276162,-75.86776859504131,212.0,95.61904761904762,,0.0,2591.0,10.080781986304022,,17.844539784792257,,17.91541463444244,,
ABB,2020,14.488150500855118,18.49499144881505,24.39325380501851,29.04834996162701,16.718353538201296,0.07198683669271905,False,96.77777777777777,,False,1.153932901043135,175.0,-206.0,5643.0,137.86953334962132,-27.212681638044916,279.0,115.76190476190476,,175.0,5437.0,12.3257146520954,,20.960574881373727,,20.902725032898985,,
ABB,2021,16.03248259860789,21.392111368909514,26.5564950038432,33.46642468239565,17.994791666666668,0.058800922367409685,False,55.72222222222222,,False,1.1223958333333333,153.0,-225.0,4009.0,93.01624129930394,-24.40347071583514,325.0,123.9047619047619,,153.0,3784.0,10.518335991975135,,22.0639932086115,,22.05074170726322,,
ABB,2022,16.26297577854671,22.023203745165887,28.333333333333332,36.4064602960969,18.915719696969695,0.05390070921985816,False,61.31578947368421,,False,1.1631155303030303,152.0,161.0,3936.0,80.11398330958681,14.87985212569316,376.0,134.28571428571428,,152.0,4097.0,11.09638963877595,,23.598557458021684,,23.665597033231876,,
ABB,2023,17.74163395027108,22.546270330902974,29.767879548306148,36.53438352014541,20.82967515364355,0.03544542032622334,False,85.0,,False,1.1740561896400352,113.0,-922.0,4699.0,87.84819592447187,-76.45107794361525,447.0,151.8095238095238,,113.0,3777.0,10.155044260938272,,18.8021685142332,,18.787062786952035,,
ABB,2024,20.533424517011454,24.84185330825782,34.10962794660608,40.57525830773527,23.721113964052932,0.017040613462084634,False,141.75,,False,1.1552439265257752,60.0,1095.0,4943.0,84.51017267909045,75.36132140399174,565.0,167.66666666666666,,60.0,6038.0,9.716101277290168,,21.69314043381163,,21.65851677781967,,
ADANIENSOL,2014,,,0.0,0.0,,0.0,False,,Debt Free,False,,0.0,0.0,0.0,,,0.0,1.0,,0.0,0.0,,INSUFFICIENT,,INSUFFICIENT,,INSUFFICIENT,
ADANIENSOL,2015,-5.343511450381679,77.09923664122137,-0.6463527239150507,0.936572700296736,-0.06091193873999304,8.95752539242844,True,1.4246575342465753,,True,0.011399234249912982,9701.0,-1899.0,1864.0,1422.9007633587787,-1880.19801980198,0.0,0.9935779816513761,,9701.0,-35.0,,INSUFFICIENT,,INSUFFICIENT,,INSUFFICIENT,
ADANIENSOL,2016,16.773017319963536,87.83044667274385,13.77245508982036,17.118237541085545,3.1329814404903797,3.2129491017964074,False,2.0867293625914316,,False,0.18678699131619275,8565.0,728.0,816.0,37.192342752962624,37.77893098079917,3.0,2.429090909090909,,8585.0,1544.0,,INSUFFICIENT,,INSUFFICIENT,,INSUFFICIENT,
ADANIENSOL,2017,14.464534075104313,68.94993045897078,14.116050220563285,16.633115249119275,3.2472094293966123,3.045469969460468,False,2.2179203539823007,,False,0.22449457497463118,8870.0,459.0,1730.0,60.15299026425591,23.14674735249622,4.0,2.679090909090909,,8975.0,2189.0,,INSUFFICIENT,,INSUFFICIENT,,INSUFFICIENT,
ADANIENSOL,2018,28.98073022312373,71.65314401622717,18.87072808320951,17.142857142857142,6.620330147697655,1.7216443784051512,False,3.31489841986456,,False,0.22843903851723138,10428.0,-994.0,3192.0,80.93306288032454,-35.17338995046001,10.0,5.506363636363637,,10428.0,2198.0,,INSUFFICIENT,,INSUFFICIENT,,INSUFFICIENT,
ADANIENSOL,2019,7.652292950034223,38.02874743326489,6.950142981474575,9.858055358410219,1.716935929725413,2.50366778565212,False,2.2386772106398274,,False,0.2243688187235088,19801.0,-459.0,3050.0,41.752224503764545,-16.52267818574514,5.0,7.3118181818181816,,20137.0,2591.0,,ZERO_BASE,,ZERO_BASE,,ZERO_BASE,
ADANIENSOL,2020,6.184302733006307,37.29852838121934,8.30685963054477,13.003511986562835,1.7778449296164793,2.8528062124955875,False,2.019213583556747,,False,0.2874770214801944,23933.0,-206.0,5643.0,49.43062368605466,-4.837952090183185,7.0,7.7263636363636365,,24246.0,5437.0,144.37036240267406,,,TURNAROUND,,ZERO_BASE,
ADANIENSOL,2021,12.996171670360667,39.79447914567802,14.46350487722839,10.967956905647803,2.9837627792940737,3.0378966251821953,False,2.3925366084081245,,False,0.22958782439746495,26653.0,-225.0,4009.0,40.38887769494258,-5.69620253164557,11.0,8.108181818181817,,27095.0,3784.0,35.240737223764505,,28.513389561027825,,29.674411610965823,,
ADANIENSOL,2022,10.978859477704743,37.360099484810796,12.46847573892868,10.563857842521662,2.604078880836002,3.016443054574801,False,2.3221987315010573,,False,0.23719029158941513,29341.0,161.0,3936.0,34.96180493871025,3.8278649548264383,11.0,9.011818181818182,,29902.0,4097.0,31.381577615305556,,24.332603568890065,,22.423992536427463,,
ADANIENSOL,2023,9.636650868878357,33.98781313473256,10.90305557919823,9.81768400008692,2.3752132314766743,2.916843986722274,False,2.193815174397699,,False,0.24647704516798932,32900.0,-922.0,4699.0,35.34943203189649,-20.407259849490924,11.0,10.537219730941704,,34270.0,3777.0,27.507937149916796,,2.3058763473555732,,1.9244876491456564,,
ADANIENSOL,2024,7.201782380923707,34.38911302462817,5.69930903025971,9.519285261859519,1.730649572402217,1.8588992137240887,False,2.284784965666787,,False,0.24030850709768908,37401.0,1095.0,4943.0,29.764557114469802,19.17352477674663,10.0,17.472939217318903,,39009.0,6038.0,17.85124994851739,,16.42972571572392,,14.869835499703509,,
ADANIENT,2013,2.6264150943396225,12.983288409703503,5.692652832305104,6.636319548540694,1.0887540113166057,3.240418769863526,False,2.2325315005727377,,False,0.41453996120531683,69009.0,-7124.0,14790.0,31.892183288409704,-118.31921607706361,15.0,194.5090909090909,,69332.0,7666.0,,INSUFFICIENT,,INSUFFICIENT,,INSUFFICIENT,
ADANIENT,2014,4.815549529546654,17.07645549347553,11.1377699204445,9.800808464856846,2.240436233086654,3.0298438355011155,False,1.84815009644047,,False,0.4652503767929417,71692.0,221.0,8007.0,14.572224143265327,2.3553234573164232,20.0,215.97272727272727,,71980.0,8228.0,,INSUFFICIENT,,INSUFFICIENT,,INSUFFICIENT,
ADANIENT,2015,3.564725044597844,19.312805398278137,8.931902985074627,11.390772102215024,1.757982833274683,3.248250932835821,False,1.876700680272109,,False,0.4931608500742055,82827.0,-2933.0,11465.0,17.784844489257736,-23.55823293172691,18.0,233.8909090909091,,83571.0,8532.0,,INSUFFICIENT,,INSUFFICIENT,,INSUFFICIENT,
ADANIENT,2016,2.9404845918607387,4.951776052693484,7.4749588877261175,5.174055980581928,2.399289810216176,1.4328748691882194,False,2.0103168754605747,,False,0.8159504786583172,18364.0,3287.0,1825.0,5.366384380145848,195.19002375296913,9.0,121.61818181818182,,19169.0,5112.0,,INSUFFICIENT,,INSUFFICIENT,,INSUFFICIENT,
ADANIENT,2017,2.5319574083705145,5.206251881860236,6.543576683644596,5.437081927848608,1.9428283379891202,1.4746745897000566,False,2.1089896579156724,,False,0.7673226775325029,19804.0,-686.0,1460.0,3.996386828346974,-36.067297581493165,9.0,128.5090909090909,,20846.0,774.0,,INSUFFICIENT,,INSUFFICIENT,,INSUFFICIENT,
ADANIENT,2018,1.653490702594366,5.673087629439929,3.936642587315263,6.227464401393387,1.0530981295984398,1.1688647359003248,False,1.9208,,False,0.6368938923854268,16176.0,-4707.0,7649.0,21.2921723638793,-230.96172718351323,7.0,137.1727272727273,,17637.0,2942.0,-4.9788782627487205,,-13.378074899332725,,-14.137929651551106,,
ADANIENT,2019,1.2531266252259838,4.876297085118502,3.429113580916238,7.57336820646948,1.1895805905585857,0.7619273515857956,False,1.5218461538461538,,False,0.9492900131653188,9732.0,5723.0,2487.0,6.159142128334035,290.655154900965,7.0,134.14545454545456,,11243.0,3236.0,-5.975222430379501,,-28.168963139116254,,-18.93869169010509,,
ADANIENT,2020,2.3961477317236133,5.285348939013432,6.136779370980115,7.811755090921474,2.2186666666666666,0.7328140673865581,False,2.013994910941476,,False,0.9259306666666667,10467.0,1372.0,1082.0,2.4929152362739906,59.80819529206626,10.0,154.06363636363636,,12419.0,2454.0,-7.606982238213844,,-14.663139176416905,,-11.09104638678,,
ADANIENT,2021,2.645623087234742,6.338366593317652,6.0959263360335685,7.506140298328641,2.026464149408141,0.9456844804475786,False,2.178649237472767,,False,0.7659685762442606,10724.0,-4568.0,8611.0,21.77959885676708,-182.28252194732642,8.0,155.9909090909091,,16227.0,4043.0,3.058667787307945,,0.9035246758499982,,-2.3281316138826114,,
ADANIENT,2022,1.135119562085854,5.3500432152117545,3.5404591813811384,5.815756095269413,0.7756974386234324,1.8692546165251382,False,1.870942201108472,,False,0.6833618805740949,37312.0,-15656.0,17041.0,24.54768078363584,-421.5401184706516,7.0,202.33636363636364,,41604.0,1385.0,13.699840248771,,-3.155068356762114,,-4.902060720441037,,
ADANIENT,2023,1.899012074643249,6.913909361768857,7.328068742246831,10.223649580874424,1.7143504296493437,1.6096335965628876,False,2.431846812799194,,False,0.9027590990812441,46890.0,2167.0,15459.0,12.120903246040458,24.574733499659786,22.0,289.92105263157896,,53200.0,17626.0,28.84048322057997,,32.45780037178554,,25.73753098024454,,
ADANIENT,2024,3.458790097592848,11.799296833677312,7.960187130036281,9.300785624943797,1.8347563927644028,1.91968206988734,False,2.7492864983534577,,False,0.5304619074864663,70105.0,-8455.0,18767.0,19.463602327293845,-74.31660367407929,28.0,367.50877192982455,,80427.0,10312.0,19.015414753081238,,45.81058899665285,,31.95079107728942,,
ADANIGREEN,2017,-9.362549800796813,80.2788844621514,-3.906899418121363,7.261261261261261,-0.762987012987013,3.6134663341645887,False,1.4461077844311376,,True,0.08149350649350649,4321.0,-1483.0,1511.0,300.996015936255,-367.99007444168734,0.0,0.9442700156985872,,4347.0,28.0,,INSUFFICIENT,,INSUFFICIENT,,INSUFFICIENT,
ADANIGREEN,2018,-9.324324324324325,56.95945945945946,-10.290827740492169,7.523427041499331,-0.8784773060029283,7.355704697986577,True,1.6032608695652173,,False,0.09421350818002419,9777.0,-3779.0,4428.0,299.18918918918916,-448.2799525504152,-1.0,0.8574168797953964,,9864.0,649.0,,INSUFFICIENT,,INSUFFICIENT,,INSUFFICIENT,
ADANIGREEN,2019,-23.080660835762874,74.14965986394559,-24.573202276254527,11.671128107074571,-3.240551234820576,5.764097258147957,True,1.4264049955396967,,True,0.14040114613180515,11065.0,-1041.0,2666.0,129.54324586977648,-68.2175622542595,-3.0,1.235933503836317,,11142.0,1625.0,,INSUFFICIENT,,INSUFFICIENT,,INSUFFICIENT,
ADANIGREEN,2020,-2.6677128285602194,56.88505296194586,-2.8850233347475602,8.418974626952332,-0.36908380373425964,6.307170131523122,True,1.3457286432160804,,True,0.13835214937038645,14390.0,-1778.0,3743.0,146.8418987838368,-122.62068965517241,0.0,1.5070332480818414,,14866.0,1965.0,,INSUFFICIENT,,INSUFFICIENT,,INSUFFICIENT,
ADANIGREEN,2021,5.8258642765685025,71.73495518565942,8.272727272727273,8.485743496535273,0.6343231562804963,11.004090909090909,True,1.3476702508960574,,True,0.10888052418792694,23707.0,-7536.0,9137.0,292.4775928297055,-336.27844712182065,1.0,1.4066496163682864,,24209.0,1601.0,,INSUFFICIENT,,INSUFFICIENT,,INSUFFICIENT,
ADANIGREEN,2022,9.526592635885448,68.42002727449834,18.706962509563887,6.334090827111064,0.8294602571496421,20.211170619739864,True,1.5357279327474207,,False,0.08706788343454218,52258.0,-15603.0,18730.0,364.89382427430354,-444.2767653758542,3.0,1.6713554987212276,,52832.0,3127.0,59.19649782184464,,,TURNAROUND,,ZERO_BASE,
ADANIGREEN,2023,12.512860082304528,63.91460905349794,13.321467688937568,8.07775448177223,1.4542139323558863,7.423740416210296,True,1.936447956028856,,False,0.11621754920862665,53074.0,3408.0,3857.0,49.60133744855967,68.57142857142857,6.0,4.611111111111111,,54223.0,7265.0,39.347412006991476,,,TURNAROUND,,TURNAROUND,
ADANIGREEN,2024,13.665943600867678,79.3709327548807,11.913767019667171,9.381329641309643,1.2823383337743492,6.375756429652042,True,1.713943268078306,,False,0.09383459870951984,65099.0,-13347.0,21060.0,228.4164859002169,-182.3858977862804,7.0,6.6767676767676765,,67430.0,7713.0,34.976172926382844,,,TURNAROUND,,TURNAROUND,
ADANIPORTS,2013,45.820519988817445,66.59211629857423,25.633406318423525,13.22304873986899,7.791775612075114,1.817328745699093,False,5.029520295202952,,False,0.17004991680532447,11398.0,-3757.0,5136.0,143.58400894604418,-157.7246011754828,8.0,15.945137157107231,,11620.0,1379.0,,INSUFFICIENT,,INSUFFICIENT,,INSUFFICIENT,
ADANIPORTS,2014,36.04554865424431,60.43478260869565,19.86309184255562,13.42439293598234,7.055152571220165,1.4807758128921849,False,3.6888433981576254,,False,0.19572881630668235,12916.0,-1378.0,2510.0,51.96687370600414,-47.20794792737239,8.0,21.17149758454106,,12979.0,1132.0,,INSUFFICIENT,,INSUFFICIENT,,INSUFFICIENT,
ADANIPORTS,2015,37.77633289986996,63.42652795838751,21.58848118903855,13.67156021162538,7.243937410385887,1.651277287505806,False,3.90468085106383,,False,0.19175861853999127,17516.0,572.0,2485.0,40.39336801040312,14.659149154279858,11.0,26.002415458937197,,17776.0,3057.0,,INSUFFICIENT,,INSUFFICIENT,,INSUFFICIENT,
ADANIPORTS,2016,40.17442678295119,64.38317625545083,21.147723065531284,12.768153541440007,7.44040640875342,1.6543502406516104,False,4.72153024911032,,False,0.18520255308063047,21797.0,-1772.0,4153.0,58.418905612603744,-38.71531570897968,14.0,32.6207729468599,,22342.0,2381.0,,INSUFFICIENT,,INSUFFICIENT,,INSUFFICIENT,
ADANIPORTS,2017,46.23770588932338,64.20191965872733,22.264064817984707,13.633618520382488,8.997209988701607,1.2674883030925481,False,5.784050179211469,,False,0.19458599460444095,21053.0,1434.0,2629.0,31.152980210925463,26.46733111849391,19.0,42.333333333333336,,22214.0,4063.0,,INSUFFICIENT,,INSUFFICIENT,,INSUFFICIENT,
ADANIPORTS,2018,32.588536606906295,63.20763048662016,17.652968473424867,16.539181475747004,7.812334596574429,1.0701813136870306,False,5.067131095630145,,False,0.23972646243092752,21291.0,1762.0,3846.0,33.966263357767374,24.6192538773229,18.0,50.490338164251206,,22370.0,5608.0,25.918201916791972,,17.622249929148204,,17.607902252467355,,
ADANIPORTS,2019,37.02517162471396,60.37528604118994,16.596914492040046,12.664157898778896,7.183321198344907,1.1370425077958313,False,5.693140794223827,,False,0.19401182717408677,26930.0,1661.0,4368.0,39.98169336384439,25.181928441479684,19.0,58.869565217391305,,27712.0,6029.0,17.732092499981555,,18.36517675362346,,18.88654957871243,,
ADANIPORTS,2020,31.8790533142424,50.08843594710688,14.868209136976077,10.67703190362484,6.113022271750893,1.1879640177554307,False,4.036391594054331,,False,0.1917567065587803,29064.0,6653.0,749.0,6.308430893624189,111.87153186480579,19.0,62.70197044334975,,30242.0,7402.0,14.053555422033593,,10.246789703569824,,11.550670014054099,,
ADANIPORTS,2021,40.23107569721115,69.22709163346613,16.586183108307875,13.104863038494027,6.769729961652946,1.1778522387569397,False,4.725055432372505,,False,0.16827116462417205,33619.0,-6508.0,14064.0,112.06374501992032,-74.90791896869244,25.0,74.97783251231527,,35855.0,7556.0,12.038437201046982,,12.070015891980223,,12.295510705682112,,
ADANIPORTS,2022,28.93276476429698,55.65745662713943,11.843332297171278,10.615446321137306,5.037222357822797,1.1461944955883407,False,4.465408805031447,,False,0.1741009681881051,44774.0,4927.0,5493.0,32.087154623517726,51.710747271200674,23.0,99.10189573459715,,47935.0,10420.0,15.196021711535357,,4.885683476768143,,3.8950477489882784,,
ADANIPORTS,2023,25.85363514291195,52.498561289084975,11.8773271056864,11.077380771682705,4.789317981930119,1.1772455881380952,False,4.771053745239103,,False,0.18524737258246493,46002.0,-4816.0,16716.0,80.1649721849223,-43.99378825248927,25.0,105.06712962962963,,53434.0,11900.0,12.98928015223748,,7.876933597730829,,6.790716584560208,,
ADANIPORTS,2024,30.339560480700833,58.36172363445772,14.173779208059326,14.479709458392549,6.430980438836646,0.882975374282916,False,5.949506037321624,,False,0.21196682934571281,45996.0,8250.0,6768.0,25.337875781513237,52.92193213163128,38.0,132.35185185185185,,50485.0,15018.0,19.57867595245697,,14.909565182041629,,14.869835499703509,,
ADANIPOWER,2013,-34.294680215182304,14.34548714883443,-53.459119496855344,2.0829717063009894,-4.1965330602691635,9.735616119263918,True,0.6899588960657663,,True,0.12236688121708601,41773.0,-1063.0,4064.0,60.72922893006575,-110.72916666666666,-10.0,1.7939824488090264,,41795.0,3001.0,,INSUFFICIENT,,INSUFFICIENT,,INSUFFICIENT,
ADANIPOWER,2014,-1.8984864300626305,29.964770354906058,-4.447501146263182,9.060422543546446,-0.49541190691023,6.747669264863212,True,1.1364728495915426,,True,0.2609509865676978,44035.0,-1462.0,4700.0,30.66283924843424,-31.83104724580884,-1.0,2.2782033426183843,,44150.0,3238.0,,INSUFFICIENT,,INSUFFICIENT,,INSUFFICIENT,
ADANIPOWER,2015,-4.367606915377617,25.03880533104962,-14.253275109170305,9.26942358372798,-1.3954920135444813,7.815196506550218,True,1.2060032894736843,,True,0.3195095256011219,44385.0,1087.0,4737.0,25.354600438901677,23.236425823001284,-3.0,1.9933844011142061,,44742.0,5824.0,,INSUFFICIENT,,INSUFFICIENT,,INSUFFICIENT,
ADANIPOWER,2016,2.171257437837412,34.6849509398274,7.378146759507231,14.621991129126036,0.7269704725967755,7.06065881092662,True,1.5469424460431656,,False,0.33481542074570547,52729.0,2565.0,2692.0,10.60803089411672,29.141104294478527,2.0,2.2399520095980803,,52729.0,5257.0,,INSUFFICIENT,,INSUFFICIENT,,INSUFFICIENT,
ADANIPOWER,2017,-27.299257163070394,26.44145737530951,-205.79999999999998,10.77788191190253,-8.633636783152241,17.494666666666667,True,0.3920704845814978,,True,0.31625903707121983,52320.0,3513.0,1212.0,5.359037849310223,58.745819397993316,-16.0,0.77780658542909,,52484.0,4725.0,,INSUFFICIENT,,INSUFFICIENT,,INSUFFICIENT,
ADANIPOWER,2018,-10.35756501182033,26.773049645390074,-236.55793025871765,10.118382845655573,-3.0246807041767347,59.43194600674916,True,1.111310592459605,,True,0.29202623403520883,52835.0,4581.0,520.0,2.56107171000788,84.27152317880795,-5.0,0.23049001814882034,,52835.0,5101.0,24.854768715819798,,,BOTH_NEGATIVE,,BOTH_NEGATIVE,
ADANIPOWER,2019,-4.119912912409982,20.86333947412494,-12.759336099585061,9.11102172164119,-1.4473780981098772,6.091804979253112,True,1.313593777620647,,True,0.3513127895859381,46977.0,4626.0,984.0,4.119912912409982,92.83564118001205,-3.0,1.9994814622763806,,46980.0,5610.0,9.27588040271312,,,BOTH_NEGATIVE,,BOTH_NEGATIVE,
ADANIPOWER,2020,-8.595284872298626,21.66389602538915,-35.102607622280516,9.296368352788587,-3.032322559146951,8.517049837987965,True,1.139604891815616,,True,0.3527890703098967,55196.0,3294.0,2304.0,8.704851141000454,57.446808510638306,-6.0,1.6803214933886441,,55199.0,5598.0,7.214840153417179,,,BOTH_NEGATIVE,,BOTH_NEGATIVE,
ADANIPOWER,2021,4.84344609282636,33.13374775942947,9.685045374818882,13.237445148707947,1.6115524198665077,4.005109433386716,False,2.0754014884449665,,False,0.3327284724513362,52499.0,4826.0,2188.0,8.344456733152816,55.547882136279924,3.0,3.399792584910552,,52519.0,7014.0,0.6564928179288998,,18.176309784358757,,8.447177119769854,,
ADANIPOWER,2022,17.725812854101257,35.6573201977554,26.613209080565635,14.61643146652466,5.991632207462705,2.662675407704394,False,3.3672771672771673,,False,0.33801734548248985,48962.0,11007.0,774.0,2.793114647612861,111.39560773201094,13.0,4.785325382421571,,49145.0,10233.0,4.14712377692581,,,TURNAROUND,,TURNAROUND,
ADANIPOWER,2023,27.666159440848016,26.038738297268715,35.90507430713616,13.978345748068563,12.499271740017011,1.4175257731958764,False,4.2927414517096585,,False,0.4517891891262045,41696.0,9976.0,1545.0,3.984731643153741,98.81141045958796,28.0,7.745916515426497,,42350.0,8431.0,13.812394373753722,,,TURNAROUND,,TURNAROUND,
ADANIPOWER,2024,41.36759945184802,36.20186292228556,37.22522071701755,19.462091203194568,18.801451473136915,0.6738570969010258,False,8.297225501770956,,False,0.4544970392836511,37384.0,17651.0,3481.0,6.9134674584417395,96.83454026771999,54.0,14.507129893699767,,37705.0,14170.0,16.086096410440966,,,TURNAROUND,,TURNAROUND,
AMBUJACEM,2012,13.252641296543235,25.36670427736178,14.686825053995682,27.921418087388506,10.46577561765897,0.006820506991019666,False,32.58974358974359,,False,0.7897124341838802,-1521.0,1472.0,388.0,3.979895373884501,59.522846744844315,8.0,28.56168831168831,,60.0,1860.0,,INSUFFICIENT,,INSUFFICIENT,,INSUFFICIENT,
AMBUJACEM,2013,13.950442091474729,18.218535094422005,13.506658211794548,17.549947423764458,9.864155603581352,0.0050729232720355105,False,30.73134328358209,,False,0.7070855202222909,-1666.0,771.0,496.0,5.414256085580177,46.19532654284003,8.0,30.62135922330097,,48.0,1267.0,,INSUFFICIENT,,INSUFFICIENT,,INSUFFICIENT,
AMBUJACEM,2014,14.937217478653944,19.427423405323957,14.766633565044687,19.1409342834521,10.714800403516357,0.0033763654419066533,False,35.65151515151515,,False,0.7173223807465052,-2063.0,1219.0,456.0,4.580612757408337,63.02998965873836,10.0,32.483870967741936,,34.0,1675.0,,INSUFFICIENT,,INSUFFICIENT,,INSUFFICIENT,
AMBUJACEM,2015,7.766391863779952,13.154583044405063,29.442118586310972,49.69920434698234,21.39673105497771,0.0034076526141563626,False,28.55897435897436,,False,2.755041392485672,-2114.0,1474.0,83.0,0.21316485604951588,28.777821163607964,13.0,33.13225806451613,,35.0,1557.0,,INSUFFICIENT,,INSUFFICIENT,,INSUFFICIENT,
AMBUJACEM,2016,7.136458644371454,15.830596197870012,7.234751021643711,16.025188916876573,4.368754569826956,0.00146309469754301,False,23.673202614379086,,False,0.6121740190104802,-146.0,-1355.0,4165.0,20.727580372250422,-42.59666771455517,6.0,49.92695214105793,,29.0,2810.0,,INSUFFICIENT,,INSUFFICIENT,,INSUFFICIENT,
AMBUJACEM,2017,8.238383667245541,16.34122580371892,9.408862229102168,18.641283339775804,5.477484581373736,0.0011609907120743034,False,20.354368932038835,,False,0.6648736939930722,-129.0,2678.0,738.0,3.125926553433013,69.4142042509072,8.0,52.07052896725441,,24.0,3416.0,19.350297077682033,,8.52540579140837,,0.0,,
AMBUJACEM,2018,11.416612265273992,15.402634307438271,13.29012069736254,17.89825970548862,7.951111229975128,0.001788109074653554,False,24.958823529411763,,False,0.6964510176245621,-93.0,938.0,765.0,2.9376752044852346,23.38568935427574,11.0,56.34760705289673,,40.0,1703.0,23.237521356132795,,18.394849848210313,,6.576275663547415,,
AMBUJACEM,2019,10.267857142857142,16.960596221959857,11.558268959215882,19.059662506737425,6.926676290507243,0.0017027992358169283,False,30.576470588235296,,False,0.6745980387276619,-109.0,3548.0,1191.0,4.394185360094451,77.18077006743529,11.0,60.649874055415616,,41.0,4739.0,22.179522882798295,,13.354938999207233,,1.9244876491456564,,
AMBUJACEM,2020,12.673356175558819,20.41931799641051,13.65294195192688,21.551575684518685,7.822649680245733,0.02069692841762974,False,37.81428571428572,,False,0.6172516239488394,304.0,3515.0,1317.0,5.3720019579050415,70.2157411106672,12.0,57.322418136020154,,471.0,4832.0,-8.83724841597725,,0.5430124389249169,,-1.5881085866475741,,
AMBUJACEM,2021,12.812014500258934,21.439668565510097,14.636743709079436,24.04088111184236,8.209268886185155,0.01881359943204228,False,44.26027397260274,,False,0.6407477048999004,279.0,3302.0,2007.0,6.929052304505437,53.17230273752013,14.0,63.8639798488665,,477.0,5309.0,7.587403635446233,,20.945123020866106,,18.466445254224407,,
AMBUJACEM,2023,,,,,,0.016499463688560794,False,,,False,,309.0,-13746.0,14481.0,,,,79.84382871536523,,523.0,735.0,,INSUFFICIENT,,INSUFFICIENT,,INSUFFICIENT,
AMBUJACEM,2024,14.288299155609169,19.300361881785282,9.40527235191361,12.510995992571598,6.187640390743352,0.015463712879148802,False,28.264492753623188,,False,0.43305646972783784,-1444.0,-3295.0,8941.0,26.963208685162847,-51.48437500000001,16.0,102.18255578093306,,779.0,5646.0,4.115700788754739,,11.228574154296279,,7.781806771272581,,
APOLLOHOSP,2013,8.039267710267975,16.23772884054126,11.030214779759739,15.454545454545453,6.294142085583713,0.4415726246814707,False,6.262135922330097,,False,0.7829248026589115,686.0,-290.0,733.0,19.44812947731494,-47.385620915032675,22.0,39.24285714285714,,1213.0,443.0,,INSUFFICIENT,,INSUFFICIENT,,INSUFFICIENT,
APOLLOHOSP,2014,7.229745237548772,15.515262795501492,10.581121934833725,15.64452672992363,5.887850467289719,0.4514612025529056,False,5.831932773109243,,False,0.814392523364486,1022.0,17.0,356.0,8.170759697039246,2.514792899408284,23.0,42.52857142857143,,1344.0,373.0,,INSUFFICIENT,,INSUFFICIENT,,INSUFFICIENT,
APOLLOHOSP,2015,6.531487619418989,14.369272762721778,10.561160151324085,14.271882261812548,5.1865613872116425,0.6279949558638083,False,6.6440677966101696,,False,0.7940857717912989,1681.0,-289.0,759.0,14.798206278026907,-39.21302578018996,24.0,45.31428571428572,,1992.0,470.0,,INSUFFICIENT,,INSUFFICIENT,,INSUFFICIENT,
APOLLOHOSP,2016,3.8211382113821135,11.121951219512196,7.052821128451381,11.093091144988646,3.192934782608696,0.8505402160864346,False,4.311111111111111,,False,0.8355978260869565,2482.0,-291.0,888.0,14.439024390243901,-42.54385964912281,17.0,47.6,,2834.0,597.0,,INSUFFICIENT,,INSUFFICIENT,,INSUFFICIENT,
APOLLOHOSP,2017,1.8054024255788312,10.115766262403527,3.952926976463488,11.399285603354558,1.6166851783290141,0.9429692214846107,False,3.0894941634241246,,False,0.8954708132790324,2719.0,-529.0,1152.0,15.87651598676957,-72.0708446866485,16.0,47.34285714285714,,3125.0,623.0,,INSUFFICIENT,,INSUFFICIENT,,INSUFFICIENT,
APOLLOHOSP,2018,0.7278903311901006,9.717335921387845,1.8450184501845017,11.992813295403504,0.6979990693345742,1.0538130381303814,False,2.7966101694915255,,False,0.9589343880874825,3075.0,132.0,405.0,4.91325973553318,16.479400749063668,8.0,46.457142857142856,,3427.0,537.0,16.942354195434504,,-27.66612615683105,,-18.316664954179764,,
APOLLOHOSP,2019,2.0796506186960593,11.126130810023916,5.9988002399520095,15.270443841872414,2.181976871045167,1.1016796640671866,False,3.3516819571865444,,False,1.0492035784420686,3211.0,194.0,711.0,7.393157949464491,18.13084112149533,17.0,47.628571428571426,,3673.0,905.0,17.157585093393312,,-8.68462890526146,,-5.866497728949172,,
APOLLOHOSP,2020,3.841024273139504,14.145994487418868,12.934131736526947,22.93829296424452,3.826733988838692,1.0766467065868264,False,3.401500938086304,,False,0.996279564177518,3162.0,1004.0,289.0,2.569574108651196,63.10496543054682,33.0,47.714285714285715,,3596.0,1293.0,17.004024260020856,,5.217453808791128,,6.576275663547415,,
APOLLOHOSP,2021,1.2973484848484849,10.795454545454545,2.976319791440365,13.009243409791168,1.2025983146067416,0.9037584184227677,False,2.7683741648106905,,False,0.9269662921348315,2817.0,385.0,880.0,8.333333333333332,33.771929824561404,10.0,63.93055555555556,,4160.0,1265.0,11.418616248778267,,-10.230141427470674,,-10.068835772242512,,
APOLLOHOSP,2022,7.556434563186251,14.928732183045762,19.704783923172684,22.587968217934165,8.355327652514893,0.723457229237062,False,6.746701846965699,,False,1.1057235502601614,3252.0,949.0,747.0,5.094455432039828,43.35312928277752,73.0,78.09722222222223,,4068.0,1696.0,15.107895036926532,,53.268777339201364,,35.469202920865925,,
APOLLOHOSP,2023,5.080664579821816,12.430772935227546,13.617295901903839,19.610636277302945,5.854605993340733,0.6989351403678606,False,5.616797900262467,,False,1.152330743618202,3758.0,520.0,857.0,5.158921261738502,25.181598062954,57.0,86.08333333333333,,4332.0,1377.0,15.04488770509953,,69.6829630130583,,48.10065311433625,,
APOLLOHOSP,2024,4.905818773282963,12.56099480560365,12.465004666044527,16.09736417428725,4.783098015142214,0.9826689774696707,False,5.565701559020044,,False,0.9749846531614488,6359.0,383.0,1537.0,8.064431502177449,15.998329156223893,63.0,104.18055555555556,,7371.0,1920.0,14.660042602193135,,36.13077689773863,,29.95061094416296,,
ASIANPAINT,2013,11.043412033511043,16.536557501904035,34.2789598108747,47.785419532324624,17.099056603773587,0.0741725768321513,False,44.07142857142857,,False,1.5483490566037736,-45.0,724.0,463.0,4.407844630616908,41.681059297639614,12.0,35.25,,251.0,1187.0,,INSUFFICIENT,,INSUFFICIENT,,INSUFFICIENT,
ASIANPAINT,2014,10.335515548281506,16.399345335515548,31.27011636543699,46.73507462686567,15.640866873065015,0.06164892300074276,False,44.333333333333336,,False,1.513312693498452,-1175.0,816.0,586.0,4.795417348608838,40.7185628742515,13.0,42.072916666666664,,249.0,1402.0,,INSUFFICIENT,,INSUFFICIENT,,INSUFFICIENT,
ASIANPAINT,2015,10.481087036356959,16.47447668013221,30.09278785322649,43.468992248062015,16.008525914292125,0.08814846056516237,False,56.785714285714285,,False,1.5273726722010321,-1170.0,723.0,465.0,3.4153507161219245,32.23361569326795,15.0,49.395833333333336,,418.0,1188.0,,INSUFFICIENT,,INSUFFICIENT,,INSUFFICIENT,
ASIANPAINT,2016,12.634013033424427,19.09466750753276,27.632183908045977,39.79264018691589,17.075480632635667,0.04950191570881226,False,59.95918367346939,,False,1.351548442087319,-2389.0,1377.0,866.0,6.068250297806741,50.53211009174312,18.0,67.96875,,323.0,2243.0,,INSUFFICIENT,,INSUFFICIENT,,INSUFFICIENT,
ASIANPAINT,2017,13.384676669764971,19.87783826849024,26.512361914781696,36.67319941205292,16.251511487303507,0.07364544976328248,False,90.05405405405405,,False,1.2141878274889157,-2092.0,846.0,681.0,4.521311910768822,28.256513026052104,20.0,79.20833333333333,,560.0,1527.0,,INSUFFICIENT,,INSUFFICIENT,,INSUFFICIENT,
ASIANPAINT,2018,12.469539375928678,19.043090638930163,24.94649227110583,35.826903723582696,15.243769526992661,0.0633769322235434,False,86.34146341463415,,False,1.2224805638305603,-1608.0,557.0,1556.0,9.248142644873699,17.384519350811487,21.0,87.60416666666667,,533.0,2113.0,9.880359579270825,,12.582139819769456,,11.842691472014465,,
ASIANPAINT,2019,11.476091476091476,19.56860706860707,23.3132720937599,34.89018626633305,13.588528524832297,0.13937282229965156,False,36.71818181818182,,False,1.1840728660225244,-1249.0,1552.0,918.0,4.771309771309771,41.221779548472774,22.0,98.65625,,1320.0,2470.0,9.503190332299205,,11.81991137137912,,11.09534595426207,,
ASIANPAINT,2020,13.725199148978279,20.568007520657066,27.38400789733465,36.9576813655761,17.189242781013757,0.11036525172754195,False,44.23529411764706,,False,1.2523856735654977,-901.0,2520.0,518.0,2.5629607639404286,60.62063988453211,28.0,105.52083333333333,,1118.0,3038.0,8.221620138866225,,14.218511658101551,,13.29568106011707,,
ASIANPAINT,2021,14.769953484087875,22.36448210749321,25.042948617835393,34.93776530685661,15.755342667649227,0.0853506168983289,False,56.391304347826086,,False,1.0667157946450503,-3644.0,3142.0,541.0,2.491594897066274,64.70345963756178,33.0,133.39583333333334,,1093.0,3683.0,8.755964741976374,,12.207179705461101,,12.888132073019754,,
