rank,company_id,company_name,broad_sector,year,return_on_equity_pct,roe_score,net_profit_margin_pct,npm_score,debt_to_equity,de_score,revenue_cagr_5yr,growth_score,interest_coverage,icr_score,composite_score,quality_rating
1,IRCTC,Indian Railway Catering & Tourism Corporation Ltd,Unknown,2024,31.535623048538174,25,26.01873536299766,20,0.011921657678115243,20,17.955244103890912,20,82.73684210526316,15,100,Excellent
2,INDIGO,Interglobe Aviation Ltd,Unknown,2024,856.9779643231899,25,11.852722628584697,15,0.02098635886673662,20,19.313355125806165,20,22.612639724849526,15,95,Excellent
3,ADANIPOWER,Adani Power Ltd,Unknown,2024,37.22522071701755,25,41.36759945184802,20,0.6738570969010258,15,16.086096410440966,20,8.297225501770956,15,95,Excellent
4,TRENT,Trent Ltd,Unknown,2024,31.55982905982906,25,11.935353535353535,15,0.3935897435897436,20,36.30691600183056,20,8.043478260869565,15,95,Excellent
5,LTIM,LTIMindtree Ltd,Unknown,2024,21.755634638196916,25,12.90931103415266,15,0.11036773428232503,20,30.32798083513346,20,31.93243243243243,15,95,Excellent
6,EICHERMOT,Eicher Motors Ltd,Unknown,2024,21.081195005005533,25,24.195694242864054,20,0.021286685283734653,20,11.036936496739692,15,114.70588235294117,15,95,Excellent
7,NESTLEIND,Nestle India Ltd,Unknown,2024,98.57142857142858,25,16.12281708616873,15,0.09273182957393483,20,14.548573711802671,15,41.186206896551724,15,90,Excellent
8,TCS,Tata Consultancy Services Ltd,Unknown,2024,45.4199714271639,25,19.136712150207767,15,0.08912754322873048,20,10.463614801716602,15,87.09511568123393,15,90,Excellent
9,COALINDIA,Coal India Ltd,Unknown,2024,38.84632576899488,25,26.25628846856468,20,0.0812499350291589,20,7.402890725901301,10,11.24178180085755,15,90,Excellent
10,ABB,Abbott India Ltd,Unknown,2024,34.10962794660608,25,20.533424517011454,20,0.017040613462084634,20,9.716101277290168,10,141.75,15,90,Excellent
11,ASIANPAINT,Asian Paints Indian Multi-National Paint and Coating Manufacturing Company,Unknown,2024,30.836662228140256,25,15.658543456824905,15,0.13959165557035064,20,13.029660349453076,15,41.00487804878049,15,90,Excellent
12,INFY,Infosys Ltd,Unknown,2024,29.015177475874115,25,17.08075746730006,15,0.09732155687960824,20,13.199100930556229,15,87.52340425531915,15,90,Excellent
13,ITC,ITC Ltd,Unknown,2024,27.57021762814551,25,29.282025230717128,20,0.004039008317168443,20,7.950896846254429,10,362.9625,15,90,Excellent
14,HCLTECH,HCL Technologies Ltd,Unknown,2024,22.809437386569872,25,14.293122742532729,15,0.08407985480943739,20,12.710299978373406,15,46.46112115732369,15,90,Excellent
15,PIDILITIND,Pidilite Industries Ltd,Unknown,2024,20.04589787722318,25,14.108051360736493,15,0.04348823866896156,20,11.836370175898114,15,54.333333333333336,15,90,Excellent
16,ATGL,Adani Total Gas Ltd,Unknown,2024,17.08003068268985,20,14.927374301675977,15,0.3725389925850166,20,21.08864867789759,20,10.504504504504505,15,90,Excellent
17,BAJAJHLDNG,Bajaj Holdings & Investment Ltd,Unknown,2024,12.311318389248282,12,432.7262044653349,20,0.0007856510037945271,20,31.612293448969165,20,3764.5,15,87,Excellent
18,BEL,Bharat Electronics Ltd,Unknown,2024,4379.120879120879,25,19.661535425300965,15,0.8571428571428571,15,10.7508063318833,15,476.75,15,85,Excellent
19,HAL,Hindustan Aeronautics Ltd,Unknown,2024,3669.0821256038644,25,24.999177117277245,20,0.5990338164251208,15,8.712548590236358,10,270.8837209302326,15,85,Excellent
20,BAJAJ-AUTO,Bajaj Auto Ltd,Unknown,2024,24.881371251492947,25,17.178515712057056,15,0.16930824106652895,20,8.127604751021389,10,174.41666666666666,15,85,Excellent
21,TORNTPHARM,Torrent Pharmaceuticals Ltd,Unknown,2024,22.068230277185503,25,15.436241610738255,15,0.4168443496801706,20,6.932744476678732,10,9.926553672316384,15,85,Excellent
22,HINDUNILVR,Hindustan Unilever Ltd,Unknown,2024,20.249724279187017,25,16.611735814915342,15,0.03251536158815188,20,9.504485244074123,10,57.847001223990205,15,85,Excellent
23,ZYDUSLIFE,ZYDUSLIFE,Unknown,2024,18.20389461626575,20,20.32536962193687,20,0.00870561282932417,20,8.224416370673238,10,70.08641975308642,15,85,Excellent
24,DRREDDY,Dr Reddys Laboratories Ltd,Unknown,2024,18.140427330970113,20,19.913605369319196,15,0.15785879215584248,20,12.639644349571988,15,51.707602339181285,15,85,Excellent
25,SIEMENS,Siemens Ltd,Unknown,2024,17.698769290877124,20,12.221223021582734,15,0.018167610861496385,20,11.193358902067896,15,67.15,15,85,Excellent
26,LT,Larsen & Toubro Ltd,Unknown,2024,73.76986951364175,25,7.031246466738726,10,0.11036773428232503,20,10.335347989682408,15,3.5441547518923464,12,82,Excellent
27,ADANIPORTS,Adani Ports & Special Economic Zone Ltd,Unknown,2024,14.173779208059326,12,30.339560480700833,20,0.882975374282916,15,19.57867595245697,20,5.949506037321624,15,82,Excellent
28,BRITANNIA,Britannia Industries Ltd,Unknown,2024,66.47975077881621,25,12.725863199952292,15,0.8579439252336448,15,8.690023727476138,10,20.597560975609756,15,80,Excellent
29,BOSCHLTD,Bosch Ltd,Unknown,2024,19.547809703250117,20,14.886112273569676,15,0.0024336630554247134,20,6.717165240230294,10,71.7843137254902,15,80,Excellent
30,DABUR,Dabur India Ltd,Unknown,2024,17.477320980505695,20,14.600128990648178,15,0.1690793283149971,20,7.814065037783324,10,23.241935483870968,15,80,Excellent
31,BAJFINANCE,Bajaj Finance Ltd,Unknown,2024,16.648042118359964,20,26.287928399912687,20,3.7351013213829014,5,24.352642739542006,20,2689.1666666666665,15,80,Excellent
32,HAVELLS,Havells India Ltd,Unknown,2024,16.307415960995638,20,6.837009144701453,10,0.042596869386707724,20,13.037907939063121,15,25.357142857142858,15,80,Excellent
33,MARUTI,Maruti Suzuki India Ltd,Unknown,2024,15.133631039202927,20,9.50809964894472,10,0.0017727711330027152,20,10.510215112642584,15,117.90721649484536,15,80,Excellent
34,NAUKRI,Info Edge (India) Ltd,Unknown,2024,1.423853737915191,5,23.462145110410095,20,0.006126160620273763,20,17.115610089960743,20,28.97142857142857,15,80,Excellent
35,SUNPHARMA,Sun Pharmaceuticals Industries Ltd,Unknown,2024,13.90436229472618,12,19.815658700538176,15,0.03721334008536497,20,10.78116321985565,15,58.331932773109244,15,77,Good
36,DIVISLAB,Divis Laboratories Ltd,Unknown,2024,11.66435809579354,12,20.395156150414277,20,0.000583217904789677,20,9.664930361854074,10,636.25,15,77,Good
37,LICI,Life Insurance Corporation of India,Unknown,2024,41.906244558927455,25,4.836600998148862,5,0.00010242018906766902,20,8.15986061977938,10,371.9375,15,75,Good
38,TITAN,Titan Company Ltd,Unknown,2024,35.90797041906327,25,6.843630099444054,10,2.2235004108463436,5,20.897163953120245,20,9.411954765751211,15,75,Good
39,BPCL,Bharat Petroleum Corporation Ltd,Unknown,2024,34.832961560408776,25,5.994201967046283,10,0.763604295274161,15,8.483226324685255,10,11.355507351168956,15,75,Good
40,IOC,Indian Oil Corporation,Unknown,2024,23.79773496686259,25,5.559462717942377,10,0.9009461530827167,15,8.008755667240486,10,10.282324578099226,15,75,Good
41,UNITDSPR,UNITDSPR,Unknown,2024,18.448637316561843,20,12.437063863616288,15,0.06787211740041929,20,3.919795554934913,5,29.05263157894737,15,75,Good
42,CHOLAFIN,Cholamandalam Investment & Finance Company Ltd,Unknown,2024,15.973097940311053,20,17.846892448990243,15,7.376722245574705,5,21.939164804975263,20,21.211764705882352,15,75,Good
43,BAJAJFINSV,Bajaj Finserv Ltd,Unknown,2024,22.824734723746797,25,14.128209309488865,15,4.66410537870472,5,20.97274568418761,20,2.197130112323319,8,73,Good
44,POWERGRID,Power Grid Corporation of India Ltd,Unknown,2024,16.915957897481018,20,33.97028990249329,20,1.331378107993613,10,5.510261937513361,10,4.60298643565485,12,72,Good
45,CIPLA,Cipla Ltd,Unknown,2024,14.645841413108625,12,16.11701714906495,15,0.01625356979162994,20,9.513860126378049,10,35.33876811594203,15,72,Good
46,ICICIGI,ICICI Lombard General Insurance Company Ltd,Unknown,2024,14.084403669724772,12,9.366915605017816,10,0.0,20,12.911841003362579,15,160.02678571428572,15,72,Good
47,WIPRO,WIPRO,Unknown,2024,13.655131734172238,12,12.379679144385026,15,0.2369494691309477,20,8.747228996316725,10,15.444621513944224,15,72,Good
48,DMART,Avenue Supermarts Ltd,Unknown,2024,12.59310755785083,12,4.993207190533383,5,0.03540570066540868,20,20.48312440202782,20,73.29310344827586,15,72,Good
49,GAIL,GAIL (India) Ltd,Unknown,2024,11.816153396413274,12,7.433122166511544,10,0.23424691858869573,20,11.825154521824267,15,23.624478442280946,15,72,Good
50,SBILIFE,SBI Life Insurance Company Ltd,Unknown,2024,11.648932898702258,12,1.4349789374791648,5,0.0,20,24.231614182367544,20,240.33333333333334,15,72,Good
51,ULTRACEMCO,ULTRACEMCO,Unknown,2024,11.413672288763953,12,9.877587860326056,10,0.27644422716532224,20,11.329176790681373,15,13.983471074380166,15,72,Good
52,HDFCLIFE,HDFC Life Insurance Company Ltd,Unknown,2024,10.087157139195078,12,1.5510139729213062,5,0.060881825173032554,20,21.16813430936688,20,192.2895238095238,15,72,Good
53,TATAMOTORS,Tata Motors Ltd,Unknown,2024,31.472759296273573,25,7.263066074788551,10,1.0542934040489995,10,7.7201595386239275,10,6.530242339274985,15,70,Good
54,HEROMOTOCO,Hero MotoCorp Ltd,Unknown,2024,19.683341223502183,20,9.902352536452407,10,0.030929461890484455,20,2.1530677970544643,5,47.268505079825836,15,70,Good
55,ONGC,Oil & Natural Gas Corpn Ltd,Unknown,2024,16.209165540655622,20,9.655290194725701,10,0.5435766274171389,15,7.001683761214439,10,11.361290955463998,15,70,Good
56,TATACONSUM,Tata Consumer Products Ltd,Unknown,2024,6.350616767719004,5,7.9902669998684726,10,0.15445327200501777,20,15.96086282879563,20,25.32183908045977,15,70,Good
57,PFC,Power Finance Corporation Ltd,Unknown,2024,24.045399196699563,25,28.916597455960137,20,8.273331152427167,5,11.081753577550923,15,0.5804147544943239,3,68,Good
58,RECLTD,REC Ltd,Unknown,2024,19.242279961909944,20,29.7682934528695,20,6.578928037001768,5,13.338042247865678,15,1.6004741552023507,8,68,Good
59,ICICIBANK,ICICI Bank Ltd,Unknown,2024,17.99027109750765,20,28.888011233982798,20,6.445624336310825,5,17.25086850260209,20,1.3009461331381824,3,68,Good
60,CANBK,Canara Bank,Unknown,2024,16.716051794688113,20,13.935160470145405,15,14.867419925542423,5,18.17561078322378,20,1.6106611743349857,8,68,Good
61,AXISBANK,Axis Bank Ltd,Unknown,2024,15.832712405189048,20,22.73130411725443,20,8.249122739980766,5,14.743587120514379,15,1.691203992514036,8,68,Good
62,BANKBARODA,Bank of Baroda,Unknown,2024,15.761863790899902,20,15.93948250956673,15,12.143718727289434,5,17.477297665890944,20,1.8967477242617206,8,68,Good
63,JINDALSTEL,Jindal Steel & Power Ltd,Unknown,2024,12.553600473162799,12,11.802438733764944,15,0.3647155742379755,20,1.4028310947741707,5,8.004636785162287,15,67,Good
64,NHPC,NHPC Ltd,Unknown,2024,10.032628458990262,12,41.81893687707641,20,0.8520760168372812,15,1.404917217643753,5,11.243421052631579,15,67,Good
65,SHREECEM,Shree Cement Ltd,Unknown,2024,8.300205948560754,5,8.445007553238145,10,0.08055941376502707,20,10.325615915556586,15,19.825581395348838,15,65,Good
66,ICICIPRULI,ICICI Prudential Life Insurance Company Ltd,Unknown,2024,7.352687057197166,5,0.942341125272681,5,0.0,20,16.84553965244746,20,31.021548821548823,15,65,Good
67,DLF,DLF Ltd,Unknown,2024,6.771571332687001,5,42.38369379181578,20,0.1066447908121411,20,-5.136730668466605,5,7.457865168539326,15,65,Good
68,ZOMATO,ZOMATO,Unknown,2024,1.6464959189417392,5,2.8974739970282317,5,0.054367201426024955,20,55.956890893735014,20,12.347222222222221,15,65,Good
69,TATAPOWER,Tata Power Company Ltd,Unknown,2024,12.707838479809977,12,6.965125551270159,10,1.7314133016627078,10,15.511158201876407,20,3.054392402331103,12,64,Average
70,NTPC,NTPC Ltd,Unknown,2024,12.677094228392127,12,11.950633329785267,15,1.438201245602358,10,12.222309654337993,15,4.604991464108609,12,64,Average
71,JSWSTEEL,JSW Steel Ltd,Unknown,2024,11.263274169658324,12,5.127252779904689,10,1.1957171189717068,10,15.604695052452788,20,3.659099321406539,12,64,Average
72,TVSMOTOR,TVS Motor Company Ltd,Unknown,2024,22.925257731958762,25,4.544641716694342,5,1.8838917525773196,10,14.192387704277065,15,2.9076763485477177,8,63,Average
73,VEDL,VEDL,Unknown,2024,20.11043533930858,25,5.245360996889937,10,2.128894579598805,5,9.32130335133765,10,4.284310618066561,12,62,Average
74,M&M,Mahindra & Mahindra Ltd,Unknown,2024,17.40376159541573,20,8.82238743726542,10,1.6573146861081955,10,5.838805854237616,10,3.7646901709401708,12,62,Average
75,APOLLOHOSP,Apollo Hospitals Chain of Indian private hospitals,Unknown,2024,12.465004666044527,12,4.905818773282963,5,0.9826689774696707,15,14.660042602193135,15,5.565701559020044,15,62,Average
76,PNB,Punjab National Bank,Unknown,2024,61.320565191187306,25,8.395910695456838,10,3.684256345007701,5,15.902076009106025,20,,0,60,Average
77,HDFCBANK,HDFC Bank Ltd,Unknown,2024,14.33974005030719,12,23.07288232992184,20,6.808786667718385,5,21.95098428169122,20,1.4007688224792112,3,60,Average
78,INDUSINDBK,IndusInd Bank Ltd,Unknown,2024,14.252273197764223,12,19.56369677362945,15,6.885742949503957,5,15.495613083358029,20,1.8795270558159352,8,60,Average
79,SHRIRAMFIN,Shriram Finance Ltd,Unknown,2024,14.122385096961368,12,20.333626470264925,20,3.966636127653077,5,18.556070052776754,20,0.6766743648960739,3,60,Average
80,IRFC,Indian Railway Finance Corporation Ltd,Unknown,2024,12.458952686291655,12,24.064552448864703,20,7.832721266880404,5,19.06740855567788,20,1.3194865927068304,3,60,Average
81,ADANIGREEN,Adani Green Energy Ltd,Unknown,2024,11.913767019667171,12,13.665943600867678,15,6.375756429652042,5,34.976172926382844,20,1.713943268078306,8,60,Average
82,RELIANCE,Reliance Industries Ltd,Unknown,2024,9.64301796442261,5,8.789365557299389,10,0.4362971396773213,20,9.606097094616972,10,7.728912535686478,15,60,Average
83,AMBUJACEM,Ambuja Cements Ltd,Unknown,2024,9.40527235191361,5,14.288299155609169,15,0.015463712879148802,20,4.115700788754739,5,28.264492753623188,15,60,Average
84,LODHA,Macrotech Developers Ltd,Unknown,2024,8.545974483062032,5,15.063978286157425,15,0.43939727232732073,20,-2.8278535641862446,5,5.628630705394191,15,60,Average
85,JIOFIN,Jio Financial Services Ltd,Unknown,2024,1.1703027474771044,5,86.52291105121293,20,0.0,20,,0,198.8,15,60,Average
86,GRASIM,Grasim Industries Ltd,Unknown,2024,10.682537290944703,12,7.578371940325857,10,1.7021352159969005,10,11.15172597339149,15,3.015845639754231,12,59,Average
87,UNIONBANK,UNIONBANK,Unknown,2024,14.136560175413432,12,13.745317605802185,15,12.823705403799257,5,23.945769366938308,20,0.35356038128906003,3,55,Average
88,KOTAKBANK,Kotak Mahindra Bank Ltd,Unknown,2024,14.013018188532914,12,32.386151466116615,20,4.003739266919029,5,13.51960376324537,15,1.2363751084470385,3,55,Average
89,TECHM,Tech Mahindra Ltd,Unknown,2024,9.063752552370868,5,4.60996999769213,5,0.07694925508583529,20,8.398437919098868,10,13.85969387755102,15,55,Average
90,HINDALCO,Hindalco Industries Ltd,Unknown,2024,8.816941029381121,5,4.702216130615571,5,0.5292682503299299,15,10.592433818985914,15,126.46543778801843,15,55,Average
91,ADANIENSOL,Adani Energy Solutions Ltd,Unknown,2024,5.69930903025971,5,7.201782380923707,10,1.8588992137240887,10,17.85124994851739,20,2.284784965666787,8,53,Average
92,MOTHERSON,Samvardhana Motherson International Ltd,Unknown,2024,9.254152111294967,5,3.0600251286831757,5,0.7788502788502788,15,9.21195713294276,10,5.224737713970182,15,50,Average
93,VBL,VBL,Unknown,2023,,0,13.102287602069437,15,,0,25.735515711694568,20,12.712328767123287,15,50,Average
94,ADANIENT,Adani Enterprises Ltd,Unknown,2024,7.960187130036281,5,3.458790097592848,5,1.91968206988734,10,19.015414753081238,20,2.7492864983534577,8,48,Weak
95,GODREJCP,Godrej Consumer Products Ltd,Unknown,2024,-4.609695973705834,5,-3.9798524404086266,5,0.314543960558751,20,6.447080048592069,10,2.412903225806452,8,48,Weak
96,BHARTIARTL,Bharti Airtel Ltd,Unknown,2024,9.825713564031322,5,5.706018055499993,10,2.5895083698822017,5,13.17410230151459,15,3.3055457435535147,12,47,Weak
97,JSWENERGY,JSW Energy Ltd,Unknown,2024,6.167101640985306,5,15.018283127285393,15,1.1030352865467805,10,4.6799560539164675,5,2.8514369215781783,8,43,Weak
98,BHEL,Bharat Heavy Electricals Limited,Unknown,2024,1.165337410636803,5,1.180262001423011,5,0.3772056696557709,20,-4.728642461606237,5,1.5929951690821256,8,43,Weak
99,TATASTEEL,Tata Steel Ltd,Unknown,2024,-5.44665934529158,5,-2.1425049417247384,5,1.1025547161857854,10,7.766224835881497,10,2.1634256792754396,8,38,Weak
100,SBIN,State Bank of India,Unknown,2024,,0,15.83441297482405,15,,0,11.63380022632805,15,0.3660986540179259,3,33,Weak
